nome,smile
"Catechol","OC1=CC=CC=C1O"
"Ácido caféico","OC(=O)\C=C\C1=CC(O)=C(O)C=C1"
"Urundeuvina","OC1=CC=C(C=C1)[C@@H]1[C@H](C(=O)C2=CC=C(O)C=C2O)C(=CC2=CC(O)=C(O)C=C12)C(=O)C1=C(O)C=C(O)C=C1"
"3β-hidroxi-5-adianeno","C[C@@H]1CC[C@]2(C)CC[C@]3(C)C4=CC[C@H]5C(C)(C)C(=O)CC[C@]5(C)[C@H]4CC[C@@]3(C)[C@@H]2[C@H]1C"
"Ácido mirtifônico","C[C@@H]1CC[C@@]2(CC[C@]3(C)C4=CCC5C(C)(C)C(=O)CC[C@]5(C)[C@H]4CC[C@@]3(C)[C@@H]2[C@H]1C)C(O)=O"
"Annomalida","C[C@]12[C@@H]3[C@H](OC1=O)C=C1C[C@@](C)(CC[C@@H]1[C@@]31CC[C@]2(O)OC1)C(=O)CO"
"Liriodenina","O=C1C2=C(C=CC=C2)C2=C3OCOC3=CC3=C2C1=NC=C3"
"Annoglacina A","CCCCCCCCCCCC[C@H](O)[C@H]1CC[C@H](O1)[C@H](O)CCCC[C@H](O)CCCCCCC[C@@H](O)CC1=C[C@H](C)OC1=O"
"Blumenol A","C[C@@H](O)\C=C\[C@@]1(O)C(C)=CC(=O)CC1(C)C"
"Annolatina","COC1=C(O)C2=C3C(C=CN=C3C(=O)C3=C2C=CC(OC)=C3OC)=C1"
"Argentinina","COC1=C(O)C=C(CCN(C)C)C2=C1C1=C(C=CC=C1)C=C2"
"Annoquinona A","COC1=CC(=O)C2=C(C1=O)C1=C(C=CC=C1)C=C2"
"Pressoina","COC1=C(O)C=C2[C@@H]3CC4=CC(O)=C(O)C=C4CN3CCC2=C1"
"Alfa-santaleno","CC(C)=CCC[C@]1(C)[C@@H]2C[C@H]3[C@@H](C2)[C@@]13C"
"Ishwarano","C[C@@H]1CCC[C@]23C[C@@H]4[C@H](C[C@@]12C)[C@@]4(C)C3"
"Óxido de beta-cariofileno","C[C@@]12CC[C@H]3[C@H](CC3(C)C)C(=C)CC[C@H]1O2"
"Anonaina","C1OC2=C(O1)C1=C3[C@@H](CC4=C1C=CC=C4)NCCC3=C2"
"Roemerina","CN1CCC2=CC3=C(OCO3)C3=C2[C@H]1CC1=C3C=CC=C1"
"Discretamina","COC1=C(O)C=C2CCN3CC4=C(OC)C(O)=CC=C4C[C@H]3C2=C1"
"Umckalina","COC1=C(O)C=C2OC(=O)C=CC2=C1OC"
"Uscharidina","C[C@@H]1CC(=O)[C@]2(O)O[C@@H]3C[C@@]4(C=O)[C@H](CC[C@@H]5[C@@H]4CC[C@]4(C)[C@](C)(CC[C@@]54O)C4=CC(=O)OC4)C[C@H]3O[C@@H]2O1"
"Uscharina","C[C@@H]1C\C(=C2/SCC=N2)[C@]2(O)O[C@@H]3C[C@@]4(C=O)[C@H](CC[C@@H]5[C@@H]4CC[C@]4(C)[C@](C)(CC[C@@]54O)C4=CC(=O)OC4)C[C@H]3O[C@@H]2O1"
"Olivacina","CC1=NC=CC2=C(C)C3=C(C=C12)C1=CC=CC=C1N3"
"Vindolina","CC[C@@]12C=CCN3CC[C@@]4([C@H]13)[C@H](N(C)C1=CC(OC)=CC=C41)[C@](O)([C@@H]2OC1=CC=CC=C1)C(=O)OC"
"Aspidolimidina","COC1=CC=C2C(N([C@@H]3CC[C@]45CCO[C@@]44[N@](CC[C@@]234)CCC5)C2=CC=CC=C2)=C1O"
"Aspidolimina","CCC(=O)N1[C@@H]2CC[C@@]3(CC)CCCN4CC[C@@]2([C@@H]34)C2=CC=C(OC)C(O)=C12"
"Aspidospermina","CC[C@@]12CCCN3CC[C@@]4([C@@H](CC1)N(C1=C(OC)C=CC=C41)C1=CC=CC=C1)[C@@H]23"
"Dihidroellipticina","CC1=C2NC3=C(C=CC=C3)C2=C(C)C2=C1CCN=C2"
"Uleína","CC[C@@H]1[C@H]2CCN(C)[C@H]1C1=C(NC3=C1C=CC=C3)C2=C"
"Calotropagenina","CCS[C@@H](CC[C@@H](C)[C@H]1CC[C@@H]2[C@H]3C[C@@H](O)C4=CC(=O)CC[C@]4(C)[C@H]3CC[C@]12C)C(C)C"
"Procesterol","C[C@@H]1CC[C@]2(C)CC[C@]3(C)C(CC[C@]4(C)[C@@]5(C)CC[C@@H](OC6=CC=CC=C6)C(C)(C)[C@H]5CC[C@@]34C)[C@H]2C1=C"
"Acetato de calotropenila","C[C@]12CC[C@H]3[C@H](CC[C@@]4(C)C[C@@H](O)[C@H](O)C[C@]34C=O)[C@@]1(O)CC[C@@H]2C1=CC(=O)OC1"
"Ajmalina","CC[C@H]1[C@H]2C[C@H]3[C@H]4N(C)C5=CC=CC=C5[C@]44C[C@@H]([C@H]2[C@@H]4O)N3[C@@H]1O"
"Iohimbina","COC(=O)C1=CO[C@@H](C)[C@@H]2CN3CCC4=C(NC5=CC=CC=C45)[C@H]3C[C@@H]12"
"Ácido 16,18-diidroxikolavenico","C[C@@H]1CC[C@]2(C)[C@H](CCC=C2CO)[C@@]1(C)CC\C(CO)=C\C(O)=O"
"Ácido acritoconferico","CC1(C)CCC[C@H]2[C@H](CC(O)=O)C(CO)=CC[C@H]12"
"Ácido acritopappus","C[C@@H]1CC[C@]2(C)[C@@H](CCC=C2CO)[C@@]1(C)CC(O)=O"
"Labdanos glicosilados","C\C=C(\C)C(=O)O[C@H]1[C@@H](O[C@@H]2O[C@@H](C)[C@H](O)[C@@H](O)[C@H]2O)C[C@]2(C)[C@@H](CC\C(C)=C\COC3=CC=CC=C3)C(C)=CC[C@@H]2C1(C)C"
"Labdanos glicosilados","OC\C=C(/C)CC[C@H]1C(C)=CC[C@@H]2C(C)(C)[C@@H](OC(=O)C(\C)=C/C)[C@@H](O[C@@H]3O[C@@H](C)[C@H](O)[C@@H](O)[C@H]3O)C[C@]12C"
"Sem nome 1","C[C@@H]1C(=O)C[C@@]23COC(=O)C2=CCC[C@H]3[C@@]1(C)CC[C@@H]1COC(=O)C1"
"Sem Nome 2","C[C@@H]1CC[C@@]23COC(=O)C2=CCC[C@H]3[C@@]1(C)CC[C@H]1COC(=O)C1"
"Sem Nome 3","C[C@@H]1CC[C@@]23COC(=O)C2=CCC[C@H]3[C@@]1(C)CCC1=CC(=O)OC1"
"Desoxiarticulina","C[C@@H]1C(=O)C[C@@]23COC(=O)C2=CCC[C@H]3[C@@]1(C)CCC1=CC(=O)OC1"
"Eremantolideo","CC(=C)C(=O)O[C@H]1C[C@@]2(C)OC(=CC2=O)C(=C)[C@@H](O)[C@H]2OC(=O)C(=C)[C@H]12"
"Lactona do ácido 12-acetoxi-hawtriwaico","C[C@@H]1CC[C@]23COC(=O)C2=CCC[C@@H]3[C@@]1(C)C[C@H](OC(C)=O)C1=COC=C1"
"Lactona sesquiterpenicas","CC[C@H](C)[C@@]1(O)O[C@H]2C[C@@]3(C)OC(=CC3=O)C(=C)[C@H](O)[C@@H](O)[C@@H]2[C@]1(C)C(O)=O"
"Eremantina","CC1=CC[C@@H]2[C@H](OC(=O)C2=C)[C@@H]2[C@H]1CCC2=C"
"Acetofenona 5","CC1=CC(=O)C2=C(C)CC[C@@H]3[C@H](OC(=O)C3=C)[C@@H]12"
"Acetofenona 4","C\C=C\C(=C)C1=C(OC=O)C=CC(C)=C1"
"Guaianolideo","COC1=C(C=C2C[C@@H](OC2=C1)C(=C)COC(C)=O)C(C)=O"
"Acetofenona 6","COC1=C(C=C2[C@@H]3OCC(=C)[C@@H]3OC2=C1)C(C)=O"
"Sakurentina","COC1=CC2=C(C(=O)C[C@H](O2)C2=CC=C(O)C=C2)C(O)=C1"
"7-metoxi-aromadendrina","COC1=CC2=C(C(O)=C1)C(=O)[C@H](O)[C@H](O2)C1=CC=C(O)C=C1"
"Penduletina","COC1=CC2=C(C(O)=C1OC)C(=O)C(OC)=C(O2)C1=CC=C(O)C=C1"
"Calycopterina","COC1=C(O)C2=C(OC(=C(OC)C2=O)C2=CC=C(O)C=C2)C(OC)=C1OC"
"5,5’-Diidroxi-3,4’7-trimetoxiflavanona","COC1=CC2=C(C(=O)C[C@H](O2)C2=CC(OC)=C(O)C(O)=C2)C(O)=C1"
"Betulina","CC(C)[C@@H]1CC[C@]2(CO)CC[C@]3(C)[C@@H](CC[C@@H]4[C@@]5(C)CC[C@H](O)C(C)(C)[C@H]5CC[C@@]34C)[C@H]12"
"Nafto[2,3-b]-furano-4,9-diona-5-hidroxi-2(1’-hidroxi-etil)","C[C@@H](O)C1=CC2=C(O1)C(=O)C1=C(C(O)=CC=C1)C2=O"
"Capsantina","O[C@H]1CC(C)(C)[C@@](C)(C1)C(=O)\C=C\C(\C)=C\C=C\C(\C)=C\C=C\C=C(/C)\C=C\C=C(/C)\C=C\C1=C(C)C[C@@H](O)CC1(C)C"
"Scutellareina","OC1=CC=C(C=C1)C1=CC(=O)C2=C(O1)C=C(O)C(O)=C2O"
"Ácido verátrico","COC1=CC=C(C=C1OC)C(O)=O"
"Cinamato de metila","COC(=O)\C=C\C1=CC=CC=C1"
"Ácido betulinico","CC(C)[C@@H]1CC[C@@]2(CC[C@]3(C)[C@@H](CC[C@@H]4[C@@]5(C)CC[C@H](O)C(C)(C)[C@H]5CC[C@@]34C)[C@H]12)C(O)=O"
"Cinarosideo","NCC(=O)OC1=CC2=C(C(=O)C[C@H](O2)C2=CC=C(O)C(O)=C2)C(O)=C1"
"6-hidroxiluteolina","OC1=CC=C(C=C1O)C1=CC(=O)C2=C(O1)C=C(O)C(O)=C2O"
"Desidro-alfa-lapachona","CC1(C)OC2=C(C=C1)C(=O)C1=C(C=CC=C1)C2=O"
"Astragalina","NCC(=O)OC1=C(OC2=C(C(O)=CC(O)=C2)C1=O)C1=CC=C(O)C=C1"
"Ciclolivil","COC1=CC2=C(C=C1O)[C@@H]([C@@H](CO)[C@](O)(CO)C2)C1=CC=C(O)C(OC)=C1"
"Baicaleina-tri-O-metil","COC1=CC2=C(C(=O)C=C(O2)C2=CC=CC=C2)C(OC)=C1OC"
"4-Hidroxi-α-lapachona","CC1(C)C[C@H](O)[C@@H]2[C@@H](O1)C(=O)C1=CC=CC=C1C2=O"
"Zeiherol","COC1=CC(\C=C\CO)=CC(=C1O)C1=C(O)C(OC)=CC(\C=C\C=O)=C1"
"Glaziovianol","C[C@@]12CC3=C([C@@H]4OC[C@](O)(CCC1=O)[C@H]24)C(O)=CC=C3O"
"Oncocalixona A","COC1=CC(=O)C2=C(C[C@]3(C)[C@H](O)CC=C(CO)C3=C2)C1=O"
"5,7,3’,4’ Tetraidroxi-3-metoxi flavona","COC1=C(OC2=C(C(O)=CC(O)=C2)C1=O)C1=CC(O)=C(O)C=C1"
"Rufescididra","OC1=C2OC3=CC(O)=C(O)C=C3C3=C4C(=O)OC(=O)C4=CC(C=C1)=C23"
"Cordiacroma C","CC(=C)[C@@H]1CC2=C(C[C@]1(C)C=C)C(=O)C=CC2=O"
"Artemetina","COC1=CC=C(C=C1OC)C1=C(OC)C(=O)C2=C(O1)C=C(OC)C(OC)=C2O"
"Cordialina A","O[C@H]1C[C@H]2[C@H](CC[C@@]2(C)[C@]2(C)CC[C@@H]3C(C)(C)[C@]4(O)CC[C@]3(CO4)C12)C(\C)=C/CC(=O)[C@H]1OC1(C)C"
"Spermina","OC1=CC=C(CCC(=O)NCCCNCCCCNCCCNC(=O)CCC2=CC=C(O)C(O)=C2)C=C1O"
"Colesta-4-em-3-one-24-metil","CC(C)[C@H](C)CC[C@@H](C)[C@H]1CC[C@@H]2[C@@H]3CCC4=CC(=O)CC[C@]4(C)[C@H]3CC[C@]12C"
"1,3-Di-O-cinemoil-glicerol","OC(COC(=O)\C=C\C1=CC=CC=C1)COC(=O)\C=C\C1=CC=CC=C1"
"Cicloartanol","CC(C)CCC[C@@H](C)[C@H]1CC[C@@]2(C)C3CC[C@H]4[C@]5(C[C@@]35CC[C@]12C)CC[C@H](O)C4(C)C"
"25, 26, 27-Trinor-3-oxociclo-artan-24-al).","C[C@@H](CCC=O)[C@H]1CC[C@@]2(C)C3CCC4[C@]5(C[C@@]35CC[C@]12C)CCC(=O)C4(C)C"
"4’,5 7-Trihidroxi-3,3’,5’,6 tetrametoxiflavona).","COC1=CC(=CC(OC)=C1O)C1=C(OC)C(=O)C2=C(O)C(OC)=C(O)C=C2O1"
"Cicloart-25-eno-3,24-diol-24-hidroperóxido).","C[C@@H](CC[C@H](OO)C(C)=C)[C@H]1CC[C@@]2(C)[C@@H]3CC[C@@H]4[C@]5(C[C@@]35CC[C@]12C)CC[C@H](O)C4(C)C"
"Flavona-3,4,5,7-tetrahidroxi-8-prenila","CC(C)=CCC1=C(O)C=C(O)C2=C1OC(=C(O)C2=O)C1=CC=C(O)C=C1"
"Flavanona-3-ol-4’,5,7-tetrahidroxi-8-prenila","CC(C)=CCC1=C(O)C=C(O)C2=C1O[C@@H]([C@@H](O)C2=O)C1=CC=C(O)C=C1"
"4-isotiociao-2-metil-1-buteno","CC(=C)CCN=C=S"
"Pristimerina","COC(=O)[C@]1(C)CC[C@]2(C)CC[C@]3(C)C4=CC=C5C(C)=C(O)C(=O)C=C5[C@]4(C)CC[C@@]3(C)[C@@H]2C1"
"Pristimerina-15-alfa-hidroxi-21-ceto","COC(=O)[C@@]1(C)C[C@@H]2[C@@](C)(C[C@H](O)[C@]3(C)C4=CC=C5C(C)=C(O)C(=O)C=C5[C@]4(C)CC[C@@]23C)CC1=O"
"Tingenoma”20”alfa”hidroxi","C[C@@H]1[C@@H](O)C(=O)C[C@@H]2[C@H]1CC[C@H]1[C@@]2(C)CC[C@@]2(C)[C@@H]3C[C@H](CO)C(=O)C[C@]3(C)CC[C@]12C"
"Maitenoquinona","CC(C)C1=C(O)C(=O)C=C2C1=CC(=O)[C@@H]1C(C)(C)CCC[C@]21C"
"22-hidroxi-tingenona","C[C@@H]1C[C@@H]2[C@@](C)(CC[C@]3(C)C4=CC=C5C(C)=C(O)C(=O)C=C5[C@]4(C)CC[C@@]23C)[C@@H](O)C1=O"
"Rigidenol","CC(=C)[C@@H]1CC[C@]2(C)CC[C@]3(C)[C@@H](C[C@@H](O)[C@@H]4[C@@]5(C)CCC(=O)C(C)(C)[C@@H]5CC[C@@]34C)[C@H]12"
"Tingenona","C[C@@H]1CC2[C@@](C)(CC[C@]3(C)C4=CC=C5C(C)=C(O)C(=O)C=C5[C@]4(C)CC[C@@]23C)CC1=O"
"3α-Friedelinol","C[C@H]1[C@H](O)CC[C@@H]2[C@]1(C)CC[C@H]1[C@@]2(C)CC[C@@]2(C)[C@@H]3CC(C)(C)CC[C@]3(C)CC[C@]12C"
"5,7Diidroxi-2-(n-hepatoeicosanil) cromona","CCCCCCCCCCCCCCCCCCCCCCCCCCCC1=CC(=O)C2=C(O1)C=C(O)C=C2O"
"Ferulato de n-octasonoíla","CCCCCCCCCCCCCCCCCCCCCCCCCOC(=O)\C=C\C1=CC=C(O)C(OC)=C1"
"Kaempferol","OC1=CC=C(C=C1)C1=C(O)C(=O)C2=C(O1)C=C(O)C=C2O"
"Friedelina","C[C@H]1C(=C)CC[C@@H]2[C@]1(C)CC[C@H]1[C@@]2(C)CC[C@@]2(C)[C@@H]3CC(C)(C)CC[C@]3(C)CC[C@]12C"
"Xantona","CC(C)=CCC1=C(O)C=C2OC3=C(O)C=CC=C3C(=O)C2=C1O"
"Madagascina","CC(C)=CCOC1=CC(O)=C2C(=O)C3=C(O)C=C(C)C=C3C(=O)C2=C1"
"Vismiaquinona","COC1=C(CC=C(C)C)C(O)=C2C(=O)C3=C(O)C=C(C)C=C3C(=O)C2=C1"
"Vismiaquinona B","COC1=CC(O)=C2C(=O)C3=C(O)C(CC=C(C)C)=C(OC)C=C3C(=O)C2=C1"
"Damaradienol","CC(C)CCCC(=C)[C@H]1CC[C@]2(C)[C@H]1CC[C@@H]1[C@@]3(C)CC[C@H](O)C(C)(C)[C@H]3CC[C@@]21C"
"Friedelina","C[C@H]1C(=O)CC[C@@H]2[C@]1(C)CC[C@H]1[C@@]2(C)CC[C@@]2(C)C3CC(C)(C)CC[C@]3(C)CC[C@]12C"
"Euxantona","OC1=CC2=C(OC3=CC=CC(O)=C3C2=O)C=C1"
"Aromadendreno","C[C@@H]1CC[C@H]2[C@H]1[C@H]1[C@@H](CCC2=C)C1(C)C"
"δ-Cadieno","CC(C)[C@@H]1CCC(C)=C2CCC(C)=C[C@@H]12"
"Trans-Cariofileno","CC1(C)C[C@H]2[C@H]1CCC(=C)CCCC2=C"
"Elemeno","CC(=C)[C@@H]1CC[C@@](C)(C=C)[C@H](C1)C=C"
"Alfa-pineno","CC1=CC[C@H]2C[C@@H]1C2(C)C"
"Alfa-selineno","CC(=C)[C@@H]1CC[C@@]2(C)CCC=C(C)[C@@H]2C1"
"Beta-selineno","CC(C)[C@@H]1CC[C@@]2(C)CCCC(=C)[C@H]2C1"
"Ácido elágico","OC1=CC2=C3C(OC(=O)C4=C3C(OC2=O)=C(O)C(O)=C4)=C1O"
"Quercetina","OC1=CC(O)=C2C(OC(=C(O)C2=O)C2=CC=C(O)C(O)=C2)=C1"
"Ácido gentisico","OC(=O)C1=C(O)C=CC(O)=C1"
"Apigenina","CC1=CC(O)=C2C(=O)C(O)=C(OC2=C1)C1=CC=C(O)C=C1"
"Naringenina","OC1=CC=C(C=C1)[C@@H]1CC(=O)C2=C(O)C=C(O)C=C2O1"
"Taxifolina","O[C@@H]1[C@H](OC2=CC(O)=CC(O)=C2C1=O)C1=CC=C(O)C(O)=C1"
"Capsantina","O[C@H]1CC(C)(C)[C@@](C)(C1)C(=O)\C=C\C(\C)=C\C=C\C(\C)=C\C=C\C=C(/C)\C=C\C=C(/C)\C=C\C1=C(C)C[C@H](O)CC1(C)C"
"N,O-dimetilbuchenavianina","COC1=C([C@@H]2CCCCN2C)C(O)=CC2=C1C(=O)C=C(O2)C1=CC=CC=C1"
"Buchenavianina","CN1CCCC[C@H]1C1=C(O)C2=C(OC(=CC2=O)C2=CC[C@@H](O)C=C2)C=C1O"
"4-hidroxicapitavina","CN1CCCC[C@H]1C1=C(O)C2=C(O[C@@H](CC2=O)C2=CC=C(O)C=C2)C=C1O"
"Estigmastano-3β,6α-diol","CC[C@H](CC[C@@H](C)[C@H]1CC[C@@H]2[C@@H]3C[C@H](O)[C@H]4C[C@@H](O)CC[C@]4(C)[C@H]3CC[C@]12C)C(C)C"
"(+) catechol","O[C@H]1CC2=C(O)C=C(O)C=C2O[C@@H]1C1=CC(O)=C(O)C=C1"
"Ipangulina A","C[C@H](O)[C@](C)(O)C(=O)OC[C@@H]1CCN2CC[C@@H](OC(=O)CC3=CC=CC=C3)[C@@H]12"
"IsoipangulinaB","C[C@H](O)[C@@](C)(O)C(=O)OC[C@H]1CCN2CC[C@@H](OC(=O)C3=C(O)C=CC=C3)[C@H]12"
"Ipangulina D-11","O[C@H]1CCN2CC[C@@H](OC(=O)C3=CC=CC=C3O)[C@H]12"
"Mandassidiona","CC(=O)CC[C@@H](CC1=C(C)CCC1=O)C(C)=C"
"Mustacona","CC(C)[C@H]1CC[C@@]2(C)[C@H]3C[C@]2(C1)C(C)=CC3=O"
"Corimbolona","C[C@H]1CCC(=O)[C@]2(C)CC[C@H](C[C@@]12O)C(C)=C"
"α-corimbolol","C[C@H]1CC[C@H](C)[C@]2(C)C[C@@H](CC[C@@]12C)C(C)=C"
"Isopatchoul-4(5)-eno-3-ona","C[C@@H]1C[C@H]2[C@H]([C@H](C)CCC2=C(C)C)C(=O)C1"
"Articulol","C[C@H]1C[C@@H](O)[C@@H]2[C@@H](C)CCC([C@H]2C1)=C(C)C"
"Copaenol","CC(C)[C@@H]1CC[C@@]2(C)[C@@H]3CC=C(C)[C@H]2[C@H]13"
"Mircenal","CC1(C)[C@@H]2C[C@H]1C(CC=O)=CC2"
"Mircenol","CC1(C)[C@@H]2C[C@H]1C(CCO)=CC2"
"Cocaina","COC(=O)[C@@H]1[C@@H]2CC[C@H](C[C@@H]1OC(=O)C1=CC=CC=C1)N2C"
"Metilecgonidina","COC(=O)C1=CC[C@@H]2CC[C@H]1[C@H]2C"
"2β,17-Diidroxi-beier-15-em-1-ona","CC1(C)C=C(O)C(=O)[C@@]2(C)[C@@H]3CC[C@@]4(CO)C[C@]3(CC[C@@H]12)C=C4"
"2,19-Diidroxi-beiera-2,15-dien-1-ona","C[C@@]12C[C@]3(CC[C@H]4[C@](C)(CO)C=C(O)C(=O)[C@@]4(C)[C@@H]3CC1)C=C2"
"Carvacrol","CC(C)C1=CC=C(C)C=C1"
"Cimeno","CC(C)C1=CC=C(CCO)C=C1"
"Ácido salicílico","CC(=O)OC1=CC=CC=C1C(O)=O"
"HHDP","CC(=O)C1=C(C(O)=C(O)C(O)=C1)C1=C(C=C(O)C(O)=C1O)C(C)=O"
"Favelanona","COC1=CC2=C(C=C1C)C(=O)[C@@H]1[C@@H]3[C@]1(CCCC3(C)C)C2=O"
"Favelol","COC1=CC2=C(C=C1C)C(=O)C[C@H]1C(=C2)[C@@H](O)CCC1(C)C"
"Deoxifavelino","CC1=CC2=C(C=C1O)C=C1CCCC(C)(C)[C@H]1CC2"
"Favelona","COC1=CC2=C(C=C1C)C(=O)C[C@H]1C(=C2)C(=O)CCC1(C)C"
"Faveloxido","COC1=CC2=C(C=C1C)C(=O)C[C@@]1(C)[C@@]3(CCCC1(C)C)O[C@@H]23"
"Éter metil favelino","COC1=CC2=C(C=C1C)C(=O)C[C@H]1[C@@H](CCCC1(C)C)C2"
"Histamina","COC1=CC(\C=C\C(=O)NCCC2=CNC=N2)=CC=C1O"
"Isoxochilolona","CC1=C(O)C=C2C=C3C=CCC(C)(C)[C@@H]3CC(=O)C2=C1"
"Velamona","C[C@@H]1CC[C@H]2[C@@H](CC(=O)C=C2C)[C@@]1(C)CCC1=COC=C1"
"Acetato velamolona","C[C@@H]1CC[C@H]2[C@@H](CC(=O)C=C2C)[C@]1(CCC1=COC=C1)COC(C)=O"
"3-O-Acetil-lupeol","CC(=O)O[C@H]1CC[C@@]2(C)[C@@H](CC[C@]3(C)[C@@H]2CC[C@H]2[C@@H]4[C@@H](CC[C@]4(C)CC[C@@]32C)C(C)=C)C1(C)C"
"Taspina","COC1=CC(CN(C)C)=C2OC(=O)C3=C(OC)C=CC4=C3C2=C1C(=O)O4"
"20-Acetoxi-9-hidroxi-13,15-seco-1,6,14-tigliatrieno-3,13-diona","C[C@@H]1CC(=O)C([C@@H]2C=C(C[C@@H]3[C@H](C=C(C)C3=O)[C@@]12O)OC(C)=O)=C(C)C"
"Coridina","COC1=C(OC)C(O)=C2C(C[C@H]3N(C)CCC4=CC(OC)=C(OC)C2=C34)=C1"
"Hemiargina","COC1=C(O)C=C2[C@H]3CC4=CC(O)=C(OC)C=C4[C@H](C)N3CCC2=C1"
"Norsalutaridina","COC1=C[C@@]23CCN[C@H](CC4=C2C(O)=C(OC)C=C4)C3=CC1=O"
"Vomifoliol","O[C@@H](C)\C=C\[C@]1(O)C(C)=CC(=O)CC1(C)C"
"Ácido hardwickico","C[C@@H]1CC[C@]2(C)[C@H](CCC=C2C(O)=O)[C@@]1(C)CCC1=COC=C1"
"Sonderianial","C[C@@H]1CC[C@]2(C)[C@H](CCC=C2OC(C)=O)[C@@]11C[C@@H](O[C@H]1O)C1=COC=C1"
"6α,7β-Diidroxianoneno","C[C@@H]1[C@@H](O)[C@H](O)[C@]2(C)[C@H](CCC=C2C)[C@@]1(C)CCCC1=COC=C1"
"Ácido 12-hidroxihardwickico","C[C@@H]1CC[C@]2(C)C(CCC=C2C(O)=O)[C@@]1(C)C[C@H](O)C1=COC=C1"
"Ácido 3,4-seco-traquilobânico","C[C@@H]1[C@H]2CC3[C@@H](CC[C@@H](C(C)=C)[C@@]3(C)CCC(O)=O)C[C@@]12C"
"Sonderianol","CC1=C(O)C=C2C(CCC3C(C)(C)C(=O)CC[C@@]23C)=C1C=C"
"Sonderianino","C[C@@H]1CC[C@]2(C)C(CCC=C2OC(C)=O)[C@@]11C[C@@H](OC1=O)C1=COC=C1"
"Ácido aleuritólico","CC1(C)C[C@H]([C@@H]2CC=C3[C@](C)(CC[C@@H]4[C@@]5(C)CC[C@H](O)C(C)(C)[C@H]5CC[C@@]34C)[C@H]2C1)C(O)=O"
"Acetil lupeol","CC(=C)[C@@H]1CC[C@]2(C)CC[C@]3(C)[C@@H](CC[C@@H]4[C@@]5(C)CC[C@H](C(C)=O)C(C)(C)[C@@H]5CC[C@@]34C)[C@H]12"
"Moretenona","CC(=C)[C@@H]1CC[C@@]2(C)[C@H]1CC[C@]1(C)[C@@H]2CC[C@@H]2[C@@]3(C)CCC(=O)C(C)(C)[C@H]3CC[C@@]12C"
"Ferulato de pentatriacontanila","CCCCCCCCCCCCCCCCCCCCCCCCCCCCCCCCCCCOC(=O)\C=C\C1=CC=C(O)C(OC)=C1"
"Fraxetina","COC1=CC2=C(OC(=O)C=C2)C(O)=C1O"
"Propacina","COC1=CC2=C(OC(=O)C=C2)C2=C1O[C@H]([C@H](C)O2)C1=CC(OC)=C(O)C=C1"
"Ácido-3-O-acetil-aleuritolico","CC(=O)O[C@@H]1CC[C@@]2(C)[C@@H](CC[C@]3(C)[C@@H]2CC[C@@]2(C)C4CC(C)(C)CC[C@@]4(CC=C32)C(O)=O)C1(C)C"
"Jatrofolona A","C[C@@H]1CC2=C(C1=O)C1=C([C@H]3[C@H](CCC1=C)C3(C)C)C(C)=C2O"
"Jatrodiena","COC(=O)C(=C\C1=CC=C2OCOC2=C1)\C(=CC1=CC=C(OC)C(OC)=C1)C(=O)OC"
"Gossipodieno","COC(=O)\C(=C\C1=CC=C2OCOC2=C1)\C(=C/C1=CC=C2OCOC2=C1)\C(=O)OC"
"Cleomiscosina A","COC1=CC(=CC=C1O)[C@H]1OC2=C(O[C@@H]1CO)C1=C(C=CC(=O)O1)C=C2OC"
"Gossipifano","COC1=C(OC)C=C(\C=C2/[C@H](CC3=CC4=C(OCO4)C=C3)COC2=O)C=C1"
"Gedaina","O=C1OC[C@@H](CC2=CC3=C(OCO3)C=C2)\C1=C/C1=CC=C2OCOC2=C1"
"Citlalitriona","C[C@H]1C[C@@H]2C(=O)[C@@]3(C)C(=O)CC(C)(C)[C@H]3CC(=O)\C(C)=C\[C@@]22O[C@@H]12"
"Ácido protocatecoico","OC(=O)C1=CC=C(O)C(O)=C1"
"Galato de metila","COC(=O)C1=CC=C(O)C(O)=C1"
"(-)-Fern-7-em-3alfa-ol","CC(C)[C@H]1CC[C@@H]2[C@]1(C)CC[C@]1(C)C3=CC[C@H]4C(C)(C)[C@H](O)CC[C@]4(C)[C@@H]3CC[C@@]21C"
"Germacreno","CC(C)=C1CC\C(C)=C\CC\C(C)=C\C1"
"Campesterol","CC(C)[C@@H](C)CC[C@@H](C)[C@H]1CC[C@@H]2[C@H]3CC=C4C[C@@H](O)CC[C@]4(C)[C@H]3CC[C@]12C"
"Ácido geniposidico","C[C@@H]1OC=C([C@@H]2CC=C(CO)[C@@H]12)C(O)=O"
"Napetaefolinol","C[C@@]12CCC[C@@]3(COC1=O)[C@H]2[C@H](O)CC[C@]31CC[C@]2(CCOC2=O)O1"
"Ácido djencólico","CC(=O)N[C@@H](CSCSC[C@H](N)C(O)=O)C(O)=O"
"Diosmetina","COC1=CC=C(C=C1O)C1=CC(=O)C2=C(O)C=C(O)C=C2O1"
"Farnisina","COC1=CC=C(C=C1O)C1=CC(=O)C2=CC=C(O)C=C2O1"
"Farnesina","CO[C@H]1C(=C)[C@H]2C[C@@]11[C@@H](O)[C@H]3CC[C@]4(C)[C@@H]([C@@H](O)OC4=O)[C@]3(C)[C@@H]1CC2"
"Anadantosideo","O[C@@H]1CO[C@@H](O[C@H]2CC3=C(O[C@@H]2[C@H]2CC=C(O)C(O)=C2)C=C(O)C=C3)[C@H](O)[C@@H]1O"
"1,2,3,4-tetraidro-6-metoxi-2-metil-β-carbolina","CN(C)CCC1=CNC2=C1C=CC(O)=C2"
"Bufotenina","COC1=CC2=C(NC3=C2CCN(C)[C@@H]3C)C=C1"
"Bufotenina-N-oxido","CN(C)(=O)CCC1=CNC2=C1C=CC=C2"
"Aianina","CO[C@@H]1[C@H](OC2=C(C(O)=CC(OC)=C2)C1=O)C1=CC(O)=C(OC)C=C1"
"Oxiaianina A","CO[C@@H]1[C@H](OC2=C(C(O)=CC(OC)=C2)C1=O)C1=CC(O)=C(OC)C=C1O"
"5-O-metiloxiaianina-A","CO[C@@H]1[C@H](OC2=C(C1=O)C(OC)=CC(OC)=C2)C1=CC(O)=C(OC)C=C1O"
"Apuleina","CO[C@@H]1[C@H](OC2=C(C1=O)C(OC)=C(OC)C(OC)=C2)C1=CC(O)=C(OC)C=C1O"
"5-O-demetilapuleina","CO[C@@H]1[C@H](OC2=C(C1=O)C(O)=C(OC)C(OC)=C2)C1=CC(O)=C(OC)C=C1O"
"OxiaianinaB","CO[C@@H]1[C@H](OC2=C(C1=O)C(O)=C(O)C(OC)=C2)C1=CC(O)=C(OC)C=C1"
"Apuleisina","CO[C@@H]1[C@H](OC2=C(C1=O)C(O)=C(O)C(OC)=C2)C1=CC=C(OC)C(O)=C1O"
"Apuleitrina","CO[C@@H]1[C@H](OC2=C(C1=O)C(O)=C(O)C(OC)=C2)C1=CC(OC)=C(OC)C(O)=C1"
"Apuleirina","CO[C@@H]1[C@H](OC2=C(C1=O)C(OC)=C(OC)C(OC)=C2)C1=CC(O)=C(OC)C(O)=C1"
"Apuleidiana","CO[C@@H]1[C@H](CC2=CC(OC)=CC(O)=C2C1=O)C1=CC=C(OC)C(O)=C1O"
"Sitosterol","CC[C@H](CC[C@H](C)[C@@H]1CC[C@H]2[C@@H]3CC=C4C[C@@H](O)CC[C@]4(C)[C@H]3CC[C@@]12C)C(C)C"
"Lupeol","CC(=C)[C@@H]1CC[C@]2(C)CC[C@]3(C)[C@H](CC[C@@H]4[C@@]5(C)CC[C@H](O)C(C)(C)[C@@H]5CC[C@@]34C)[C@@H]12"
"3,6-Dimetoxi-6”,6”Dimetilchromene-7,8,2”,3-flavona","COC1=CC2=C(OC(=C(OC)C2=O)C2=CC=CC=C2)C2=C1OC(C)(C)C=C2"
"3,5,6-Trimetoxifurano-7,82”,3”-flavona","COC1=CC2=C(OC(=C(OC)C2=O)C2=CC=CC=C2)C2=C1OC=C2"
"Agathisflavona","OC1=CC=C(C=C1)[C@H]1CC(=O)C2=C(O1)C(=C(O)C=C2O)C1=C(O)C2=C(OC(=CC2=O)C2=CC=C(O)C=C2)C=C1O"
"Chamaetexano","CC1(C)CCC[C@@]2(C)[C@@H]3CC(=O)C(C=C)=C(CO)[C@H]3[C@H](O)C[C@@H]12"
"Chamaetexano D","COC(=O)C1=C(C#C)[C@H](O)C[C@H]2[C@H]1[C@@H](O)C[C@H]1C(C)(C)CCC[C@]21C"
"Chamaetexano A","CC1=C2C(=CO1)[C@H]1[C@H](O)C[C@H]3C(C)(C)CCC[C@@]3(C)[C@@H]1CC2=O"
"Chamaetexano E","CC1(C)CCC[C@@]2(C)[C@@H]3CC(=O)CC4=C3[C@@H](CC12)OC4=O"
"Ácido polialtico","C[C@@H]1CC[C@]2(C)[C@H](CCC=C2C)[C@@]1(C)CC\C(C)=C\CO"
"Diocleina","COC1=CC2=C(C(=O)C=C(O2)C2=CC(O)=CC=C2O)C(O)=C1OC"
"Paraibanol","COC1=C(O)C(CC=C(C)C)=C2O[C@@H]([C@@H](O)C(=O)C2=C1O)C1=C(O)C=CC(O)=C1"
"Agrandol","COC1=C(O)C(CC=C(C)C)=C2OC(=CC(=O)C2=C1O)C1=CC=CC=C1"
"Diasol","COC1=C(O)C=C2O[C@@H]([C@@H](O)C(=O)C2=C1O)C1=C(O)C=CC(O)=C1"
"Dioclenol","COC1=C(O)C(CC=C(C)C)=C(O)C2=C1O[C@@H]([C@@H](O)C2=O)C1=CC=CC=C1"
"Homohesperetina","COC1=CC=C(C=C1OC)[C@@H]1CC(=O)C2=C(O1)C=C(O)C=C2O"
"Faseollidina","CC(C)=CCC1=C(O)C=CC2=C1O[C@@H]1[C@H]2COC2=C1C=CC(O)=C2"
"Harpalicina","C[C@@H]1CC2=C(O)C3=C(OC=C(C3=O)C3=CC4=C(OCO4)C=C3)C=C2OC1(C)C"
"(-) ácido-5R,8S,9S,10R,cleroda","C[C@@H]1CC[C@]2(C)C(C)=CCC[C@]2(C)[C@@]1(C)CC\C(C)=C\C(O)=O"
"(-) Acido-(5S*, 8S*,9S*,10R*) cleroda-3,13E-dien-15-oico","C[C@H]1CC[C@]2(C)[C@H](CCC=C2C)[C@@]1(C)CC\C(C)=C\C(O)=O"
"(-)Ácido ózico","CC(C=C)=CC[C@@H]1C(=C)CC[C@@H]2[C@@]1(C)CCC[C@]2(C)C(O)=O"
"(-)Ácido Iso-ózico","C[C@@]12CCC[C@@](C)([C@@H]1CCC(=C)[C@H]2CCC(=C)C=C)C(O)=O"
"(-)Ácido Kovalenico","C\C=C(/C)CC[C@@]1(C)[C@H](C)CC[C@]2(C)[C@@H]1CCC=C2C"
"Ácido 15,16-epoxi-1(10),13(16),14-halimatrie-19-oico","C[C@@H]1CC[C@]2(C)[C@@H](CCC=C2C)[C@]1(C)CCC1=COC=C1"
"Ácido1(10)-halimene-15,19-dioico","C[C@H](CC[C@@]1(C)[C@@H](C)CC[C@@H]2C1=CCC[C@@]2(C)C(O)=O)C(O)=O"
"Louisfieserona","C[C@@]12OC[C@H]3[C@]11C(=O)[C@@](C)(C4=C(C(=O)C[C@H](O4)C4=CC=CC=C4)[C@@]21O)C3(C)C"
"5-metoxi-3-estibenol","OC1=CC(CCC2=CC=CC=C2)=CC(O)=C1"
"Cinamilfenol","C(CC1=CC=CC=C1)C1=CC=CC=C1"
"Trans-labda-8-(17)-13-dien-15-ol","OC\C=C(/C)CC[C@H]1C(=C)CCC2C(C)(C)CCC[C@]12C"
"Ent-17-Hidroxi-beier-15-em-1-ona","CC1(C)CCC(=O)[C@@]2(C)[C@@H]3CC[C@@]4(CO)C[C@]3(CCC12)C=C4"
"4’,7-Dimetoxi-3’,5-diidroxi-flavanol","COC1=CC(O)=C2C(=O)C(O)=C(OC2=C1)C1=CC=C(OC)C(O)=C1"
"Rugosino B","O[C@@H]1O[C@@H]2COC(=O)C3=C(C(O)=C(O)C(OC4=C(O)C(O)=C(O)C=C4C(O)=O)=C3)C3=C(O)C(O)=C(O)C=C3C(=O)O[C@H]2[C@H](OC(=O)C2=CC(O)=C(O)C(O)=C2)[C@H]1OC(=O)C1=CC(O)=C(O)C(O)=C1"
"lup-20(29)-eno[3β,16-diidroxiolean-18-eno","CC1(C)CC[C@]2(C)[C@@H](O)C[C@]3(C)[C@@H](CC[C@@H]4[C@@]5(C)CC[C@H](O)C(C)(C)C5CC[C@@]34C)C2=C1"
"(31) Ácido 3β-hidroxi-21β-E-cinamoiloxiolean-12-em-20-oico","O[C@H]1CC[C@@]2(C)[C@H](CC[C@]3(C)[C@@H]2CC=C2[C@@H]4CC(C)(C)[C@H](OC(=O)\C=C\C5=CC=CC=C5)C[C@@]4(CC[C@@]32C)C(=O)O)C1(C)C"
"16,18-diacetoxicass-13(15)-eno","C[C@@H]1[C@H]2CC[C@H]3[C@](C)(COC(C)=O)CCC[C@]3(C)[C@@H]2CC\C1=C/COC(C)=O"
"16-hidroxi-18-acetoxicass-13(15)-eno","C[C@@H]1[C@H]2CC[C@@H]3[C@](C)(COC(C)=O)CCC[C@]3(C)[C@@H]2CC\C1=C/CO"
"Acetato de vinhaticila","C[C@@H]1[C@H]2CC[C@@H]3[C@](C)(COC(C)=O)CCC[C@]3(C)[C@@H]2CC2=C1C=CO2"
"Crisofanol","CC1=CC(O)=C2C(=O)C3=C(C=CC=C3O)C(=O)C2=C1"
"Fisciona","COC1=CC2=C(C(O)=C1)C(=O)C1=C(O)C=C(C)C=C1C2=O"
"Crisofanol dimetil eter","COC1=CC(O)=CC2=C1C(=O)C1=C(OC)C=C(C)C=C1C2=O"
"trans-3,3’5,5’-tetraidroxi-4-metoxiestilbeno","COC1=C(O)C=C(\C=C\C2=CC(C)=CC(C)=C2)C=C1O"
"cassiapirona","COC1=C(C)C2=C(C(OS(O)(=O)=O)=C1)C1=C(C(O)=C2)C(=O)C=C(C)O1"
"Cassialactona","COC1=CC2=C(C(O)=C1)C(O)=C1C(=O)O[C@](C)(CO)CC1=C2"
"Tri-acetato-cassialactona","COC(=O)C[C@]1(C)CC2=CC3=C(C(=CC(OC)=C3)C(=O)OC)C(C(=O)OC)=C2C(=O)O1"
"2,5-diidroxi-1,4-benzoquinona","COC1=CC(=O)C(OC)=CC1=O"
"1-hidroxi-7-metoxi-3-metilantraquinona","COC1=CC2=C(C=C1)C(=O)C1=CC(C)=CC(O)=C1C2=O"
"1,7,8-triidroxi-2,3-demetoxiantraquinona","COC1=C(OC)C(O)=C2C(=O)C3=C(C=CC(O)=C3O)C(=O)C2=C1"
"1,2,6,8-tetraidroxi-7-metoxi-3-metilantraquinona","COC1=C(O)C2=C(C=C1O)C(=O)C1=CC(C)=C(O)C(O)=C1C2=O"
"1,2,3,8-tetrametoxiantraquinona-7-O-β-D-glucopiranosideo","COC1=C(OC)C(OC)=C2C(=O)C3=C(C=C(C)C(C)=C3OC)C(=O)C2=C1"
"5,7-diidroxi-2-(4-hidroxifenoxi)-cromona","OC1=CC=C(OC2=CC(=O)C3=C(O2)C=C(O)C=C3O)C=C1"
"3,4-diidroxi-7-metoxi-3-metileno-1H-nafto[2,3-c]piran-1-ona","COC1=CC2=C(C(O)=C1)C(O)=C1C(=O)OC(=C)CC1=C2"
"Crisofanol-10,10’-biantrona","CC1=CC(O)=C2C(=O)C3=C(O)C=CC=C3C(C3C4=CC(C)=CC(O)=C4C(=O)C4=C3C=CC=C4O)C2=C1"
"(69) 1,7-diidroxi-3-metil-9H-xanten-9-ona","CC1=CC(O)=C2C(=O)C3=C(OC2=C1)C=CC(O)=C3"
"1,2,8-triidroxi-6,7-dimetoxi-3-metilantraquinona","COC1=CC2=C(C(O)=C1OC)C(=O)C1=C(O)C(O)=C(C)C=C1C2=O"
"1,3,7-triidroxi-2,8-dimetoxi-6-metilantraquinona","COC1=C(O)C=C2C(=O)C3=C(C(=O)C2=C1O)C(OC)=C(O)C(C)=C3"
"2,8-dimetoxiantraquinona-3-O-β-D-glucopiranosideo","COC1=CC=CC2=C1C(=O)C1=C(O)C(OC)=C(O)C=C1C2=O"
"1,2-diidroxi-6,7,8-trimetoxi-3-metilantraquinona","COC1=CC2=C(C(=O)C3=C(O)C(O)=C(C)C=C3C2=O)C(OC)=C1OC"
"1,7-diidroxi-2,3,8-trimetoxi-6-metilantraquinona","COC1=C(OC)C(O)=C2C(=O)C3=C(C=C(C)C(O)=C3OC)C(=O)C2=C1"
"Ácido-7-oxo-11-octadecanoico","COC(=O)C1=C2C(=O)C3=C(OC2=CC=C1O)C=C(C)C=C3O"
"  Antracenona","COC1=CC2=C(C(O)=C1C)C(O)=C1C(=O)CC(C)(C)CC1=C2"
"Occidentalol","COC1=CC2=C(C(O)=C1C)C(O)=C1C(=O)C[C@@](C)(O)CC1=C2C1=C2C[C@](C)(O)CC(=O)C2=C(O)C2=C(O)C=C(O)C=C12"
"4,4’-bicicrosofanol","COC1=C(C)C(O)=C2C(=O)C3=C(C=C(C)C=C3O)C(=O)C2=C1"
"1,8-diidroxi-3-metoxi-2,6-dimetilantraquinona","CC1=CC2=C(C(O)=C1)C(=O)C1=C(O)C=CC(O)=C1C2=O"
"quinquangulina","COC1=C(C)C2=C(C(O)=C1)C(O)=C1C(=O)C=C(C)OC1=C2"
"Rubrofusarina","COC1=CC2=C(C(O)=C1)C(O)=C1C(=O)C=C(C)OC1=C2"
"1,2,7-triidroxi-6,8-dimetoxi-3-metilantraquinona","COC1=CC2=C(C(=C)C3=C(O)[C@H](O)[C@H](C)C=C3C2=O)C(OC)=C1O"
"1,2,6-triidroxi-7,8-dimetoxi-3-metilantraquinona","COC1=C(OC)C2=C(C=C1O)C(=O)C1=C[C@@H](C)[C@@H](O)C(O)=C1C2=C"
"1,3-diidroxi-5,7,8-trimetoxi-2-metilantraquinona","COC1=CC(OC)=C(OC)C2=C1C(=O)C1=C[C@@H](O)[C@@H](C)C(O)=C1C2=C"
"Casseína","COCCCCCCCCCCCCCC[C@H]1CC[C@@H](O)[C@@H](C)N1"
"4’-O-metil-ent-galocatequina","COC1=C(C)C(O)=C2C(=O)C3=C(C=C(C)C=C3O)C(=O)C2=C1C1=C(OC)C(C)=C(O)C2=C1C(=O)C1=CC(C)=CC(O)=C1C2=O"
"Estricnorubigina","COC(=O)[C@@H](CO)[C@@H]1C[C@H]2N(CCC3=C2NC2=C3C(OC)=CC=C2)C\C1=C\C"
"11-Metoxiabolina","COC1=CC2=C(C=C1)[C@@]13CCN4CC5=CCO[C@H](O)C([C@@H]1N2C1=CC=CC=C1)[C@@H]5C[C@@H]34"
"NormacusinaB","C\C=C1\CN2[C@H]3CC4=C(NC5=C4C=CC=C5)[C@H]2C[C@@H]1[C@H]3CO"
"N,N-dimetiltriptamina","C[C@@H]1CN[C@H](C)C2=C1C1=C(N2)C=CC=C1"
"5-metoxi-tetraidro-harmana","COC1=CC=CC2=C1C1=C(N2)[C@@H](C)NCC1"
"luteolina-7-rutnosideo","CC[C@@]1(C)CC[C@H]2[C@@](C)(CC[C@@]3(C)[C@@H]4CC(C)(C)CC[C@]4(C)CC[C@]23C)[C@@H]1CCC(O)=O"
"Ester metílico de N-β-metil triptofano","CN[C@H](CC1=CNC2=CC=CC=C12)C(=O)OC"
"Vasicina","O[C@@H]1CCN2CC3=CC=CC=C3N=C12"
"Vasicinol","O[C@H]1CCN2CC3=CC(O)=CC=C3N=C12"
"Vasiciona","O[C@H]1CCN2C1=NC1=CC=CC=C1C2=O"
"20-Hidroxiecdisona","CC(C)(O)CC[C@@H](O)[C@](C)(O)[C@H]1CC[C@@]2(O)C3=CC(=O)[C@@H]4C[C@@H](O)[C@@H](O)C[C@]4(C)[C@H]3CC[C@]12C"
"(98) Turkesterona","CC(C)(O)CC[C@@H](O)[C@](C)(O)[C@H]1CC[C@@]2(O)C3=CC(=O)[C@H]4C[C@@H](O)[C@@H](O)C[C@]4(C)[C@H]3[C@H](O)C[C@]12C"
"Makisterona C","CC[C@@H](C[C@@H](O)[C@](C)(O)[C@H]1CC[C@@]2(O)C3=CC(=O)[C@H]4C[C@@H](O)[C@@H](O)C[C@]4(C)[C@H]3CC[C@]12C)C(C)(C)O"
"20-Hidroxi-24-hidroximetilecdisona","CC(C)(O)[C@@H](CO)C[C@@H](O)[C@](C)(O)[C@H]1CC[C@@]2(O)C3=CC(=O)[C@H]4C[C@@H](O)[C@@H](O)C[C@]4(C)[C@H]3CC[C@]12C"
"p-Hidroxifenetil-trans-ferulato","COC1=CC(\C=C\C(=O)OCCC2=CC=C(O)C=C2)=CC=C1O"
"20-Hidroxiecdisona-20-22-monoacetonida","CC(C)(O)CC[C@H]1OC(C)(C)O[C@]1(C)[C@@H]1CC[C@@]2(O)C3=CC(=O)[C@H]4C[C@@H](O)[C@@H](O)C[C@]4(C)[C@H]3CC[C@]12C"
"Ácido3-3’-4-tri-O-metil elágico","COC1=CC2=C3C(OC(=O)C4=C3C(OC2=O)=C(OC)C(O)=C4)=C1OC"
"Gedunina","CC1(C)[C@H]2C[C@@H](OC3=CC=CC=C3)[C@]3(C)[C@H](CC[C@@]4(C)[C@@H](OC(=O)[C@H]5O[C@@]345)C3=COC=C3)[C@@]2(C)C=CC1=O"
"Fotogedunina","CC1(C)[C@H]2C[C@@H](OC3=CC=CC=C3)[C@]3(C)[C@H](CC[C@@]4(C)[C@@H](OC(=O)[C@H]5O[C@@]345)C3=COC(O)=C3)[C@@]2(C)C=CC1=O"
"Andirobina","COC(=O)C[C@H]1C(C)(C)C(=O)C=C[C@]1(C)[C@H]1CC[C@]2(C)[C@H](OC(=O)[C@H]3O[C@@]23C1=C)C1=COC=C1"
"Mexicanolideo","COC(=O)C[C@H]1C(C)(C)C(=O)[C@H]2C[C@@H]3[C@@H](CC[C@@]4(C)[C@@H](OC(=O)C[C@@]34O)C3=COC=C3)[C@@]1(C)C2=O"
"Cedrodorina","COC(=O)[C@H](O)[C@H]1C(C)(C)[C@]2(C)O[C@@]34C[C@H]2C(=O)[C@]1(C)[C@@H]3CC[C@@]1(C)[C@@H](OC(=O)C[C@@]41O)C1=COC=C1"
"6-acetoxicedrodorina","COC(=O)C[C@H]1C(C)(C)[C@]2(C)O[C@@]34C[C@H]2C(=O)[C@]1(C)[C@@]3(O)CC[C@@]1(C)[C@@H](OC(=O)C[C@@]41O)C1=COC=C1"
"6-deoxi-9R-hidroxicedrodorina","COC(=O)[C@@H]([C@H]1C(C)(C)[C@]2(C)O[C@@]34C[C@H]2C(=O)[C@]1(C)[C@H]3CC[C@@]1(C)[C@@H](OC(=O)C[C@@]41O)C1=COC=C1)C1=CC=CC=C1"
"9-R-hidroxicedrodorina","COC(=O)[C@H](O)[C@H]1C(C)(C)[C@]2(C)O[C@@]34C[C@H]2C(=O)[C@]1(C)[C@@]3(O)CC[C@@]1(C)[C@@H](OC(=O)C[C@@]41O)C1=COC=C1"
"Cneurubina X","CC(C)=CCC[C@@]1(C)[C@@H]2CCC(=C)[C@H]3CC[C@](C)(O)[C@H]3[C@H]12"
"Cneurubina A","CC(C)=C[C@@H](O)C[C@@]1(C)[C@H]2CCC(=C)[C@H]3CC[C@](C)(O)[C@H]3[C@H]12"
"Escopoletina","COC1=C(O)C=C2OC(=O)CCC2=C1"
"Eudesma-5-7-dien-2-0l","CC(C)C1=CC[C@@]2(C)C[C@@H](O)C[C@H](C)C2=C1"
"Melianodiol","CC(C)(O)[C@@H](O)[C@@]1(C)C[C@H]([C@H](O)O1)[C@@H]1CC[C@]2(C)C3=CC[C@H]4C(C)(C)C(=O)CC[C@]4(C)[C@H]3CC[C@@]12C"
"13-Hidroxi-2-oxo-cleroda-3-4-dieno","C[C@H]1CC[C@]2(C)[C@H](CC(=O)C=C2C)[C@]1(C)CC[C@@](C)(O)C=C"
"19hidroxi-manoil","C[C@]1(CO)CCC[C@@]2(C)[C@@H]1CC[C@@]1(C)O[C@](C)(CC[C@H]21)C=C"
"3-Oxo-labda-8(17),12Z,14-trieno","C=C\C(C)=C/C[C@H]1[C@H](C)CC[C@H]2C(C)(C)C(=O)CC[C@]12C"
"3-Hidroxipregnona-2,16-diona","CC[C@H]1C(=O)C[C@@H]2[C@H]3CC[C@H]4C[C@@H](O)C(=O)C[C@]4(C)[C@H]3CC[C@]12C"
"2-Hidroxiandrosta-1,4-dieno-3,16diona","C[C@@]12CC(=O)C[C@@H]1[C@H]1CCC3=CC(=O)C(O)=C[C@]3(C)[C@H]1CC2"
"Bourjotinolona A","CC(C)(O)[C@H]1OC[C@H](C[C@@H]1O)[C@@H]1CC[C@]2(C)C3=CC[C@H]4C(C)(C)C(=O)CC[C@]4(C)[C@H]3CC[C@@]12C"
"11-β-Acetoxi-6-hidroxi-12-α-(2-metil-propionil)-3,7-dioximetilmeliaca-1,5,14,20,22-pentaen-29-oato","COC(=O)[C@@]1(C)C(=O)C=C[C@]2(C)C3[C@@H](OC(C)=O)[C@H](OC(=O)C(C)C)[C@@]4(C)[C@@H](CC=C4[C@]3(C)C(=O)C(O)=C12)C1=COC=C1"
"Betanidina","OC(=O)[C@@H]1CC2=CC(O)=C(O)C=C2\[N+]1=C\C=C1/C[C@H](NC(=C1)C(O)=O)C(O)=O"
"Fridelina","C[C@H]1C(=O)CC[C@@H]2[C@]1(C)CC[C@H]1[C@@]2(C)CC[C@@]2(C)[C@@H]3CC(C)(C)CC[C@]3(C)CC[C@]12C"
"3’,6,8-trichloro-4’,5-diidroxi-7-metoxiisoflavona","COC1=C(Cl)C(O)=C2C(=O)C(=COC2=C1Cl)C1=CC=C(O)C(Cl)=C1"
"Ácido caprilico","CCCCCCCC(O)=O"
"Ácido palmítico","CCCCCCCCCCCC(O)=O"
"Ácido esteárico","CCCCCCCCCCCCCCCCCCC(O)=O"
"Ácido Hexadecanoico","CCCCCCCCCCCCCCCC(O)=O"
"Ácido pentanóico","OC(=O)CCCC(O)=O"
"Ácido tetradecanoico","CCCCCCCCCCCCCC(O)=O"
"Passiflorina A","CCCCC[C@H](O)C[C@H](O)C[C@@H](O)C[C@@H]1CC(O)=CC(=O)O1"
"Passiflorina B","CCCCCCCCC[C@H](O)C[C@H](O)C[C@@H](O)C[C@@H]1CC(O)=CC(=O)O1"
"Passiflorina C","CCCCCCCCCCC[C@H](O)C[C@H](O)C[C@H](C[C@@H]1CC(O)=CC(=O)O1)CC1=CC=CC=C1"
"Deidaclina","OC[C@H]1O[C@@H](O[C@@]2(CCC=C2)C#N)[C@H](O)[C@@H](O)[C@@H]1O"
"Volkenina","OC[C@H]1O[C@@H](O[C@@]2(C[C@@H](O)C=C2)C#N)[C@H](O)[C@@H](O)[C@@H]1O"
"Ermanina","COC1=CC=C(C=C1)C1=C(OC)C(=O)C2=C(O)C=C(O)C=C2O1"
"Phytolacagenina","COC(=O)[C@@]1(C)CC[C@@]2(CC[C@]3(C)C(=CC[C@@H]4[C@@]5(C)C[C@H](O)[C@H](O)[C@@](C)(CO)[C@H]5CC[C@@]34C)[C@H]2C1)C(O)=O"
"Ácido jaligonico","C[C@@]1(CO)[C@@H](O)[C@@H](O)C[C@@]2(C)[C@@H]1CC[C@]1(C)[C@@H]2CC=C2[C@H]3C[C@](C)(CC[C@@]3(CC[C@@]12C)C(O)=O)C(O)=O"
"Ácido serjanico","COC(=O)[C@@]1(C)CC[C@@]2(CC[C@]3(C)C(=CC[C@@H]4[C@@]5(C)CC[C@H](O)C(C)(C)[C@H]5CC[C@@]34C)[C@H]2C1)C(O)=O"
"Ácido Espergulagenico","CC1(C)[C@@H](O)CC[C@@]2(C)[C@@H]1CC[C@]1(C)[C@@H]2CC=C2[C@@H]3C[C@](C)(CC[C@@]3(CC[C@@]12C)C(O)=O)C(O)=O"
"7-O-metil-Kaempferol","COC1=CC2=C(C(O)=C1)C(=O)C(O)=C(O2)C1=CC=C(O)C(O)=C1"
"Americanina A","CC1=C(C)C=C(C=C1)[C@@H]1OC2=C(O[C@H]1CO)C=C(\C=C/C=O)C=C2"
"Plumbagina","CC1=CC(=O)C2=C(O)C=CC=C2C1=O"
"Cis-isoshinanolona","C[C@@H]1CC(=O)C2=C(O)C=CC=C2[C@@H]1O"
"Trans-isoshinanolona","C[C@@H]1CC(=O)C2=C(O)C=CC=C2[C@H]1O"
"Orientina","OC[C@@H]1O[C@@H]([C@@H](O)[C@H](O)[C@H]1O)C1=C(O)C=C(O)C2=C1O[C@@H](CC2=O)C1=CC=C(O)C(O)=C1"
"Vitexina","[H]OC1=C([H])C([H])=C(C([H])=C1[H])[C@@]1([H])OC2=C(C(O[H])=C([H])C(O[H])=C2[C@@]2([H])O[C@@]([H])(C([H])([H])O[H])[C@]([H])(O[H])[C@@]([H])(O[H])[C@]2([H])O[H])C(=O)C1([H])[H]"
"Isoorientina","OC[C@H]1O[C@H]([C@H](O)[C@H](O)[C@@H]1O)C1=C(O)C2=C(O[C@@H](CC2=O)C2=CC=C(O)C(O)=C2)C=C1O"
"Isovitexina","OC[C@H]1O[C@H]([C@H](O)[C@H](O)[C@@H]1O)C1=C(O)C2=C(O[C@@H](CC2=O)C2=CC=C(O)C=C2)C=C1O"
"Violantina","C[C@H]1O[C@H]([C@@H](O)[C@@H](O)[C@H]1O)C1=C(O)C([C@@H]2O[C@H](CO)[C@@H](O)[C@@H](O)[C@H]2O)=C(O)C2=C1O[C@@H](CC2=O)C1=CC=C(O)C=C1"
"Saponarina","OC[C@H]1O[C@H]([C@H](O)[C@H](O)[C@@H]1O)C1=CC2=C(C(=O)C[C@H](O2)C2=CC=C(O)C(O)=C2)C(O)=C1[C@@H]1O[C@H](CO)[C@@H](O)[C@@H](O)[C@H]1O"
"Tricina","[H]OC1=C([H])C2=C(C(O[H])=C1[H])C(=O)C([H])([H])[C@]([H])(O2)C1=C([H])C(OC([H])([H])[H])=C(O[H])C(OC([H])([H])[H])=C1[H]"
"NagilactonaG","CC(C)[C@H]1OC(=O)C=C2[C@@]11O[C@@H]1[C@H]1OC(=O)[C@@]3(C)C=CC[C@@]2(C)[C@H]13"
"NagilactonaF","CC(C)[C@H]1OC(=O)C=C2C1=C[C@H]1OC(=O)[C@@]3(C)CCC[C@@]2(C)[C@H]13"
"1,5-diidroxi-2,3-dimetoxixantona","COC1=CC2=C(C(O)=C1OC)C(=O)C1=C(O2)C(O)=CC=C1"
"Auraptena","CC(C)=CCC\C(C)=C\COC1=CC=C2C=CC(=O)OC2=C1"
"Febalosina","COC1=CC=C2C=CC(=O)OC2=C1[C@H]1O[C@@H]1C(C)=C"
"Murrangatina","COC1=CC=C2C=CC(=O)OC2=C1[C@@H](O)[C@H](O)C(C)=O"
"7-Metoxi-8-(1,4-diidroxi-3-metil-2-butenil)cumarina","COC1=CC=C2C=CC(=O)OC2=C1[C@@H](O)\C=C(/C)CO"
"Danilol","CC1(C)[C@@H](O)CC[C@]2(C)[C@H]3[C@H](O)COC3=CC[C@@H]12"
"Pilosanol A","C[C@@H]1C[C@H](O)[C@]2(C=O)[C@H](CCC=C2C)[C@@]1(C)CC\C(CO)=C\CO"
"Pilosanona A","C[C@@H]1CC(=O)[C@@H]2CC(C)=CCCC2[C@@]1(C)CC\C(CO)=C\CO"
"Pilosanona B","COC1=CCC[C@@H]2[C@@](C[C@@H](C)[C@]2(CO)CC\C(CO)=C\CO)(C1)C=O"
"Pilosanol B","C[C@@H]1C[C@@H](O)[C@@]2(CO)[C@H](CCC=C2CO)[C@@]1(C)CC\C(CO)=C\CO"
"Ebelin lactona","O[C@H]1CC[C@@]2(C)[C@H](CC[C@]3(C)[C@@H]2CC[C@H](\C=C(/C)\C=C\C=C(C)C)[C@]32COC(=O)C2)C1(C)C"
"Jujubogenina","CC(C)=C[C@H]1C[C@](C)(O)[C@@H]2[C@@H]3CC[C@@H]4[C@@]5(C)CC[C@H](O)C(C)(C)[C@@H]5CC[C@@]4(C)[C@@]33CO[C@@]2(C3)O1"
"Cumarina-4-fenil-3’,4’,5,7-Tetrahidroxi","OC1=CC2=C(C(O)=C1)C(=CC(=O)O2)C1=CC=C(O)C(O)=C1"
"Exostemina","COC1=CC(OC)=C(O)C2=C1C(=CC(=O)O2)C1=CC=C(O)C(O)=C1"
"Ácido quinóvico","C[C@@H]1CC[C@@]2(CC[C@]3(C(O)=O)C(=CCC4[C@@]5(C)CC[C@H](O)C(C)(C)[C@H]5CC[C@@]34C)[C@@H]2[C@H]1C)C(O)=O"
"Hederagenina","CC1(C)CC[C@@]2(CC[C@]3(C)C(=CC[C@@H]4[C@@]5(C)CC[C@H](O)[C@@](C)(CO)[C@@H]5CC[C@@]34C)[C@@H]2C1)C(O)=O"
"Ácido rotundico","C[C@@H]1CC[C@@]2(CC[C@]3(C)C(=CC[C@@H]4[C@@]5(C)CC[C@H](O)[C@@](C)(CO)[C@@H]5CC[C@@]34C)[C@@H]2[C@]1(C)O)C(O)=O"
"α-Gardiol","COC(=O)[C@H]1[C@@H]2C=C[C@@]3(O)CC[C@H](O[C@@H]1O)[C@@H]23"
"Hortiolona","CC(=C)C1=CC2=C(O1)C(=C1OC(=O)C=CC1=C2O)C(C)(C)C=C"
"Oroselona","CC(=C)C1=CC2=C3OC(=O)C=CC3=CC=C2O1"
"5-Hidroxi-6(1,1-dimetilalil) oroselona","CC(=C)C1=CC2=C3OC(=O)C=CC3=C(O)C(=C2O1)C(C)(C)C=C"
"Hortinona","COC1=C2C=CC(=O)OC2=C2C=C(OC2=C1)C(C)=C"
"Isobergaptena","COC1=C2C=CC(=O)OC2=C2C=COC2=C1"
"5-(3Metilbut-2-enil) oxiroselona","CC(C)=CCOC1=C2C=CC(=O)OC2=C2C=C(OC2=C1)C(C)=C"
"Limoneno","C[C@H]1CC[C@@H](CC1)C(C)=C"
"Mirceno","CC(C)=CCCC(=C)C=C"
"Canfeno","CC1(C)[C@H]2CC[C@H](C2)C1=C"
"Copaeno ","CC(C)[C@@H]1CC[C@]2(C)[C@H]3CC=C(C)[C@@H]2[C@@H]13"
"Aurapteno","CC(C)=CCC\C(C)=C\OC1=CC2=C(C=CC(=O)O2)C=C1"
"Ostol","COC1=C(CC=C(C)C)C2=C(C=CC(=O)O2)C=C1"
"Brailina","COC1=CC2=C(OC(=O)C=C2)C2=C1OC(C)(C)C=C2"
"gama-fagarina","COC1=CC=CC2=C1N=C1OC=CC1=C2OC"
"Meridinol","O[C@@]1(CC2=CC3=C(OCO3)C=C2)[C@H](CC2=CC=C3OCOC3=C2)COC1=O"
"Sinefrina","CNC[C@H](O)C1=CC=C(O)C=C1"
"Acutifolina","COC1=C2N(C)C(=O)C(C[C@@H](O)C(C)=C)=C(OC)C2=CC=C1"
"Acutifolidina","COC1=C2NC(=O)C(C[C@@H](O)C(C)=C)=C(OC)C2=CC=C1"
"O-metil-acutifolina","CO[C@H](CC1=C(OC)C2=CC=CC(OC)=C2N(C)C1=O)C(C)=C"
"Acutifolina palmitato","CCCCCCCCCCCCCCCC(=O)O[C@H](CC1=C(OC)C2=CC=CC(OC)=C2N(C)C1=O)C(C)=C"
"1-dimetil-8-demetoxiacutifolina","COC1=C(C[C@@H](O)C(C)=C)C(=O)N(C)C2=CC=CC=C12"
"Balfourodina","COC1=C2N(C)C3=C(C[C@H](O3)C(C)(C)O)C(=O)C2=CC=C1"
"Dihidronitidina","COC1=C(OC)C=C2C(CN(C)C3=C2C=CC2=C3C=C3OCOC3=C2)=C1"
"Oxinitidina","COC1=C(OC)C=C2C(=C1)C(=O)N(C)C1=C2C=CC2=C1C=C1OCOC1=C2"
"Zantoxiline","COC1=C2C(=CC=C1O)C=NC1=C2C=CC2=C1C=C1OCOC1=C2"
"methyl 4-methoxy-5-[(1E)-3-methoxy-3-oxoprop-1-en-1- yl]furo[2,3-b]pyridine-6-carboxylate","COC(=O)\C=C\C1=C(OC)C2=C(OC=C2)N=C1C(=O)OC"
"Skimianina","COC1=CC=C2C(OC)=C3C=COC3=NC2=C1OC"
"Isopimpinelina","COC1=C2OC(=O)C=CC2=C(OC)C2=C1OC=C2"
"Imperatorina","CC(C)=CCC1=C2OC(=O)C=CC2=C(O)C2=C1OC=C2"
"Felopterina","COC1=C2C=CC(=O)OC2=C(CC=C(C)C)C2=C1C=CO2"
"Umbeliferona","OC1=CC2=C(C=C1)C=CC(=O)O2"
"7-{[(2E,5S)-5-hydroxy-3,7-dimethylocta-2,6-dien-1- yl]oxy}-2H-chromen-2-one","O[C@H](C=C(C)C)C\C(C)=C\COC1=CC=C2C=CC(=O)OC2=C1"
"Maristeminol","CC1(C)CC[C@@]23C[C@@H]1C[C@@H]2CCC1C(C)(C)[C@@H](O)[C@H](O)C[C@]31C"
"16-α-Stemodamol","CC1(C)CCC[C@@]2(C)[C@H]1CC[C@H]1C[C@H]3C[C@@]21CC[C@]3(C)O"
"Maritimol","CC1(C)CC[C@@]23C[C@@H]1C[C@@H]2CC[C@H]1C(C)(C)[C@@H](O)CC[C@]31C"
"Stemodina","CC1(C)CC[C@@]23C[C@@H]1C[C@@H]2CC[C@@H]1C(C)(C)C[C@H](O)C[C@]31C"
"Stemolídeo","CC(C)[C@]12C[C@@H]3CC[C@H]4[C@@H](CCC5=C4COC5=O)[C@@]33O[C@H]3[C@H]1O2"
"20(S)-simarolídeo","C[C@@H]1C[C@H](O)C(=O)[C@@]2(C)[C@@H]1C[C@H]1OC(=O)C[C@H]3[C@@](C)(C[C@@H](OC(C)=O)[C@H]2[C@@]13C)C(=O)[C@@H]1COC(=O)C1"
"20(R)-simarolídeo","C[C@@H]1C[C@H](O)C(=O)[C@@]2(C)[C@@H]1C[C@H]1OC(=O)C[C@H]3[C@](C)(C[C@@H](OC(C)=O)[C@H]2[C@@]13C)C(=O)[C@@H]1COC(=O)C1"
"5-hidroxi cantin-6-ona","OC1=CC2=NC=CC3=C2N(C2=C3C=CC=C2)C1=O"
"Acetilglacarubina","CC[C@@](C)(OC(C)=O)C(=O)O[C@@H]1[C@@H]2[C@@H](C)[C@@H](O)[C@]3(O)OC[C@@]22[C@H]3[C@@]3(C)[C@H](O)[C@H](O)C=C(C)[C@H]3C[C@H]2OC1=O"
"3-Oxotirucalla-7,24-al","CC(C)=CCC[C@H]([C@@H]1CC[C@]2(C)C3=CC[C@@H]4C(C)(C)C(=O)CC[C@]4(C)[C@H]3CC[C@@]12C)C(C)=O"
"Hopamidina","NC(=N)C1=CNC=C1"
"(-)Hiosciamina","CN1[C@H]2CC[C@@H]1C[C@@H](C2)OC(=O)[C@H](CO)C1=CC=CC=C1"
"Solasodina","C[C@H]1[C@H]2[C@H](C[C@@H]3[C@H]4CC=C5C[C@@H](O)CC[C@]5(C)[C@H]4CC[C@]23C)O[C@]11CC[C@H](C)CN1"
"Solaparnaina","C[C@H]1[C@H]2[C@H](C[C@@H]3[C@H]4CC=C5C[C@@H](O)CC[C@]5(C)[C@H]4CC[C@]23C)O[C@]11CC[C@H](CO)CN1"
"3,7-di-O-metil Kanferol","CC1=CC=C(C=C1)C1=C(O)C(=O)C2=C(O1)C=C(C)C=C2O"
"3,4’,7,8-tetra-O-metilgossipetina","COC1=C(O)C=C(C=C1)C1=C(OC)C(=O)C2=C(O1)C(OC)=C(OC)C=C2O"
"3,3’,4’,7,8-penta-O-metilgossipetina","COC1=C(C)C=C(C=C1)C1=C(OC)C(=O)C2=C(O1)C(OC)=C(OC)C=C2O"
"7,4’-di-O-metilquercetina","COC1=CC2=C(C(O)=C1)C(=O)C(O)=C(O2)C1=CC(OC)=C(O)C=C1"
"3,3’,4’,7-tetra-O-metilquercetina","COC1=CC2=C(C(O)=C1)C(=O)C(OC)=C(O2)C1=CC(OC)=C(OC)C=C1"
"Solavetivona,","C[C@@H]1CC(=O)C=C(C)[C@]11CC[C@H](C1)C(C)=C"
"Paniculogenina","C[C@@H]1[C@H]2[C@H](C[C@@H]3[C@@H]4C[C@H](O)[C@H]5C[C@@H](O)CC[C@]5(C)[C@H]4CC[C@]23C)O[C@@]11OC[C@H](C)C[C@H]1O"
"6-metoxi-7-8-metilenodioxi-cumarina","COC1=C2OCOC2=C2OC(=O)C=CC2=C1"
"Melosatina B","O=C1NC2=CC=CC(CCCCCC3=CC=CC=C3)=C2C1=O"
"Melosatina C","COC1=CC=C(CCCCCC2=C3C(=O)C(=O)NC3=CC=C2)C=C1"
"Melosatina A","COC1=CC(CCCCCC2=CC=CC=C2)=C2C(=O)C(=O)NC2=C1OC"
"Melosatina D","COC1=C2NC(=O)C(=O)C2=C(CCCCCC2=CC=CC=C2)C(O)=C1OC"
"Melochinona","COC1=C(C)NC2=CC=C3C(CCCC=C3C3=CC=CC=C3)=C2C1=O"
"6α-Hidroxi-15-oxo-alodevadarool","C[C@@]1(CC[C@@]2(C)[C@@H](C[C@H](O)[C@]3(C)[C@@H]2CCCC3=C)C1)C(=O)CO"
"Xerofitolato de metila","COC(=O)C1=CC=C2O[C@](C)(C\C=C\C(C)(C)O)[C@H](OC(=O)C)CC2=C1"
"Lantandeno A","C\C=C(\C)C(=O)O[C@@H]1CC(C)(C)C[C@H]2C3=CC[C@@H]4[C@@]5(C)CCC(=O)C(C)(C)[C@H]5CC[C@@]4(C)[C@]3(C)CC[C@@]12C(=O)O"
"Lantandeno B","CC(C)=CC(=O)O[C@@H]1CC(C)(C)C[C@H]2C3=CC[C@@H]4[C@@]5(C)CCC(=O)C(C)(C)[C@@H]5CC[C@@]4(C)[C@]3(C)CC[C@@]12C(O)=O"
"Ácido lantanólico","C\C=C(\C)C(=O)O[C@@H]1C[C@@H](C)[C@H](C)[C@H]2C3=CC[C@H]4[C@@](C)(CC[C@@H]5C(C)(C)[C@@]6(O)CC[C@]45CO6)[C@]3(C)CC[C@@]12C(=O)O"
"Lantandeno C","CC[C@@H](C)C(=O)O[C@@H]1CC(C)(C)C[C@H]2C3=CC[C@@H]4[C@@]5(C)CCC(=O)C(C)(C)[C@H]5CC[C@@]4(C)[C@]3(C)CC[C@@]12C(O)=O"
"Lantandeno D","CC(C)CC(=O)O[C@@H]1CC(C)(C)C[C@H]2C3=CC[C@@H]4[C@@]5(C)CCC(=O)C(C)(C)[C@H]5CC[C@@]4(C)[C@]3(C)CC[C@@]12C(O)=O"
"Gama-terpineno","CC(C)C1=CCC(C)=CC1"
"Timol","CC(C)C1=C(O)C=C(C)C=C1"
"α-terpineol","CC1=CC[C@@H](CC1)C(C)(C)O"
"3-Oxo-7-Bauereno","[H]O[C@]1([H])C([H])([H])C([H])([H])[C@]2([H])C(=C([H])C([H])([H])[C@@]3([H])[C@@]2(C([H])([H])[H])C([H])([H])C([H])([H])[C@]2([H])[C@@]4([H])C([H])([H])C([H])([H])[C@]([H])(C([H])(C([H])([H])[H])C([H])([H])[H])[C@@]4(C([H])([H])[H])C([H])([H])C([H])([H])[C@]32C([H])([H])[H])C1(C([H])([H])[H])C([H])([H])[H]"
"Annoglabasina A","[H]OC([H])([H])[C@]1(C([H])([H])[H])C([H])([H])C([H])([H])C([H])([H])[C@@]2(C([H])([H])[H])[C@]3([H])C([H])([H])C([H])([H])[C@@]4([H])C([H])([H])[C@@]3(C([H])([H])C([H])([H])[C@@]12[H])[C@@]([H])(OC(=O)C([H])([H])[H])[C@]4(O[H])C(=O)OC([H])([H])[H]"
"Espatulenol","[H]O[C@@]1(C([H])([H])[H])C([H])([H])C([H])([H])[C@]2([H])C(=C([H])[H])C([H])([H])C([H])([H])[C@]3([H])[C@]([H])(C([H])([H])[C@@]12[H])C3(C([H])([H])[H])C([H])([H])[H]"
"Voruscharina","[H]O[C@@]12C([H])([H])C([H])([H])[C@](C([H])([H])[H])(C3=C([H])C(=O)OC3([H])[H])[C@@]1(C([H])([H])[H])C([H])([H])C([H])([H])[C@@]1([H])[C@@]2([H])C([H])([H])C([H])([H])[C@]2([H])C([H])([H])[C@@]3([H])O[C@]4([H])O[C@]([H])(C([H])([H])[H])C([H])([H])\C(=C5/SC([H])([H])C([H])([H])N5[H])[C@]4(O[H])O[C@]3([H])C([H])([H])[C@]12C(=O)[H]"
"Guaianolideo","[H]O[C@@]1([H])C([H])([H])[C@](O[H])(C([H])([H])[H])[C@]2([H])C([H])([H])C([H])=C(C([H])([H])[H])[C@]2([H])[C@@]2([H])OC(=O)C(=C([H])[H])[C@]12[H]"
"Acetato de Lupeol ","[H]C([H])=C1C(=O)O[C@]2([H])\C([H])=C(C([H])([H])[H])\C([H])([H])C([H])([H])\C([H])=C(C([H])([H])[H])\C([H])([H])C([H])([H])[C@@]12[H]"
"Erematolideo A","[H]OC1(O[H])O[C@@]2([H])C([H])([H])[C@]3(OC(=C([H])C3=O)\C(C([H])([H])[H])=C([H])/[C@]3([H])OC(=O)[C@@]1(C([H])([H])[H])[C@]23[H])C([H])([H])[H]"
"Tridecapentaineno glaucolideo B","[H]C([H])([H])C(=O)OC([H])([H])C1=C2[C@]([H])(OC1=O)[C@@]1([H])O[C@]1(C([H])([H])[H])C([H])([H])C([H])([H])C(=O)[C@](OC(=O)C([H])([H])[H])(C([H])([H])[H])C([H])([H])[C@]2([H])OC(=O)C([H])([H])[H]"
"Acetofenona 1","[H]C([H])=C(\C([H])=C(/[H])C([H])([H])[H])C1=C(C([H])=C([H])C(=C1[H])C(=O)C([H])([H])[H])C([H])([H])[H]"
"Procumbetina","[H]OC(=O)C([H])([H])C([H])([H])[C@]([H])(N([H])[H])C(=O)OC1=C([H])C2=C(C(=O)C(OC([H])([H])[H])=C(O2)C2=C(O[H])C(O[H])=C(O[H])C([H])=C2[H])C(O[H])=C1OC([H])([H])[H]"
"Lapachol","[H]OC1=C(C(=O)C2=C(C([H])=C([H])C([H])=C2[H])C1=O)C([H])([H])C([H])=C(C([H])([H])[H])C([H])([H])[H]"
"Aucubina","[H]OC([H])([H])C1=C([H])[C@@]([H])(O[H])[C@]2([H])C([H])=C([H])O[C@@]([H])(OC(=O)C([H])([H])N([H])[H])[C@]12[H]"
"Nafto[2,3-b]-furano-4,9-diona-2-metil","[H]C1=C(OC2=C1C(=O)C1=C(C([H])=C([H])C([H])=C1[H])C2=O)C([H])([H])[H]"
"Nafto-(2,3-b)-furano-4,9-quinona-2-acetil","[H]C1=C(O[C@@]2([H])C(=O)C3=C(C([H])=C(OC([H])([H])[H])C([H])=C3[H])C(=O)[C@]12[H])C(=O)C([H])([H])[H]"
"Olivil","[H]OC1=C([H])C([H])=C(C([H])=C1OC([H])([H])[H])[C@]1([H])OC([H])([H])[C@](O[H])(C([H])([H])C2=C([H])C(OC([H])([H])[H])=C(O[H])C([H])=C2[H])[C@]1([H])C([H])([H])O[H]"
"3β-Friedelinol","[H]O[C@@]1([H])C([H])([H])C([H])([H])[C@]2([H])[C@](C([H])([H])[H])(C([H])([H])C([H])([H])[C@@]3([H])[C@@]2(C([H])([H])[H])C([H])([H])C([H])([H])[C@@]2(C([H])([H])[H])[C@]4([H])C([H])([H])C(C([H])([H])[H])(C([H])([H])[H])C([H])([H])C([H])([H])[C@]4(C([H])([H])[H])C([H])([H])C([H])([H])[C@]32C([H])([H])[H])[C@@]1([H])C([H])([H])[H]"
"Ácido betulinico, ","[H]OC(=O)[C@]12C([H])([H])C([H])([H])[C@@]([H])(C(=C([H])[H])C([H])([H])[H])[C@@]1([H])[C@]1([H])C([H])([H])C([H])([H])[C@]3([H])[C@@]4(C([H])([H])[H])C([H])([H])C([H])([H])[C@]([H])(O[H])C(C([H])([H])[H])(C([H])([H])[H])[C@@]4([H])C([H])([H])C([H])([H])[C@@]3(C([H])([H])[H])[C@]1(C([H])([H])[H])C([H])([H])C2([H])[H]"
"Ácido arjunolico","[H]OC(=O)[C@]12C([H])([H])C([H])([H])C(C([H])([H])[H])(C([H])([H])[H])C([H])([H])[C@@]1([H])C1=C([H])C([H])([H])[C@]3([H])[C@@]4(C([H])([H])[H])C([H])([H])[C@@]([H])(O[H])[C@]([H])(O[H])[C@@](C([H])([H])[H])(C([H])([H])O[H])[C@@]4([H])C([H])([H])C([H])([H])[C@@]3(C([H])([H])[H])[C@]1(C([H])([H])[H])C([H])([H])C2([H])[H]"
"3β,6β,16β-triidroxilup-20(29)-eno","[H]O[C@]1([H])C([H])([H])[C@]2(C([H])([H])[H])[C@]([H])(C([H])([H])C([H])([H])[C@@]3([H])[C@]4([H])[C@]([H])(C(=C([H])[H])C([H])([H])[H])C([H])([H])C([H])([H])[C@]4(C([H])([H])[H])[C@@]([H])(O[H])C([H])([H])[C@@]23C([H])([H])[H])[C@@]2(C([H])([H])[H])C([H])([H])C([H])([H])[C@]([H])(O[H])C(C([H])([H])[H])(C([H])([H])[H])[C@@]12[H]"
"IsoipangulinaB","[H]OC1=C([H])C(=C([H])C([H])=C1[H])C([H])([H])C(=O)O[C@]1([H])C([H])([H])C([H])([H])[N@]2C([H])([H])C([H])([H])[C@@]([H])(C([H])([H])OC(=O)[C@](O[H])(C([H])([H])[H])[C@@]([H])(O[H])C([H])([H])[H])[C@]12[H]"
"Isoipangulina A","[H]O[C@@]([H])(C([H])([H])[H])C(O[H])(O[H])C(=O)OC([H])([H])[C@]1([H])C([H])([H])C([H])([H])[N@@]2C([H])([H])C([H])([H])[C@@]([H])(OC(=O)C3=C([H])C([H])=C([H])C([H])=C3[H])[C@]12[H]"
"Trans-Labda-8(17)-13-dien-15-ol","[H]OC([H])([H])C(\[H])=C(/C([H])([H])[H])C([H])([H])C([H])([H])[C@@]1([H])C(=C([H])[H])C([H])([H])C([H])([H])[C@@]2([H])C(C([H])([H])[H])(C([H])([H])[H])C([H])([H])C([H])([H])C([H])([H])[C@]12C([H])([H])[H]"
"Ent-17-Hidroxi-beier-15-en-1-ona","[H]OC([H])([H])[C@@]12C([H])=C([H])[C@]3(C1([H])[H])C([H])([H])C([H])([H])[C@]1([H])C(C([H])([H])[H])(C([H])([H])[H])C([H])([H])C([H])([H])C(=O)[C@@]1(C([H])([H])[H])[C@]3([H])C([H])([H])C2([H])[H]"
"2β,19-Diidroxi-beier-15-em-1-ona","[H]OC([H])([H])[C@]1(C([H])([H])[H])C([H])([H])[C@@]([H])(O[H])C(=O)[C@@]2(C([H])([H])[H])[C@]3([H])C([H])([H])C([H])([H])[C@@]4(C([H])=C([H])[C@]3(C4([H])[H])C([H])([H])C([H])([H])[C@]12[H])C([H])([H])[H]"
"1β,19-Diidroxi-beier-15-em-2-ona","[H]O[C@@]1([H])C(=O)C([H])([H])[C@@](C([H])([H])[H])(C([H])([H])C([H])([H])[H])[C@@]2([H])C([H])([H])C([H])([H])[C@]34C([H])=C([H])[C@](C([H])([H])[H])(C3([H])[H])C([H])([H])C([H])([H])[C@@]4([H])[C@]12C([H])([H])[H]"
"2,17-Diidroxi-beiera-2,15-dien-1-ona","[H]OC1=C([H])C(C([H])([H])[H])(C([H])([H])[H])[C@@]2([H])C([H])([H])C([H])([H])[C@]34C([H])=C([H])[C@](C([H])([H])O[H])(C3([H])[H])C([H])([H])C([H])([H])[C@@]4([H])[C@@]2(C1=O)C([H])([H])[H]"
"Tropacocaina","[H]C1=C([H])C([H])=C(C([H])=C1[H])C(=O)O[C@@]1([H])C([H])([H])[C@@]2([H])N(C([H])([H])[H])[C@]([H])(C([H])([H])C2([H])[H])C1([H])[H]"
"Euforbol","[H]O[C@@]1([H])C([H])([H])C([H])([H])[C@@]2(C3=C(C([H])([H])C([H])([H])[C@]2([H])C1(C([H])([H])[H])C([H])([H])[H])[C@]1([H])C([H])([H])C([H])([H])[C@@]([H])([C@]([H])(C([H])([H])[H])C([H])([H])C([H])([H])C(=C([H])[H])C([H])(C([H])([H])[H])C([H])([H])[H])[C@]1(C([H])([H])[H])C([H])([H])C3([H])[H])C([H])([H])[H]"
"Neofavelanona","[H]C1=C(OC([H])([H])[H])C(=C([H])C2=C1[C@@]1([H])C3=C([C@]1([H])C2=O)C(C([H])([H])[H])(C([H])([H])[H])C([H])([H])C([H])([H])C3=O)C([H])([H])[H]"
"Ácido ent-Kaur-16-em-19-oico","[H]OC(=O)[C@]1(C([H])([H])[H])C([H])([H])C([H])([H])C([H])([H])[C@@]2(C([H])([H])[H])[C@]3([H])C([H])([H])C([H])([H])[C@@]4([H])C(=C([H])[H])C(=C([H])[H])[C@@]3(C4([H])[H])C([H])([H])C([H])([H])[C@]12[H]"
"Ácido-ent-Kaur-16-eno-15-oxo-18-oico","[H]OC(=O)[C@@]1(C([H])([H])[H])C([H])([H])C([H])([H])C([H])([H])[C@@]2(C([H])([H])[H])[C@]3([H])C([H])([H])C([H])([H])[C@@]4([H])C(=C([H])[H])C(=O)[C@@]3(C4([H])[H])C([H])([H])C([H])([H])[C@]12[H]"
"3,12-Dioxo-15,16-epoxi-4-hidroxi-cleroda-13(16)-14-dieno","[H]O[C@]1(C(=O)C([H])([H])C([H])([H])[C@]2([H])[C@@](C([H])([H])[H])(C([H])([H])C(=O)C3=C([H])OC([H])=C3[H])[C@]([H])(C([H])([H])[H])C([H])([H])C([H])([H])[C@@]12C([H])([H])[H])C([H])([H])[H]"
"7,4’-Dimetoxi-5-hidroxi-flavona","[H]OC1=C([H])C2=C(C(=O)C([H])=C(O2)C2=C([H])C([H])=C(OC([H])([H])[H])C([H])=C2[H])C(O[H])=C1[H]"
"3-Oxo-22-hidroxihopano","[H]OC(C([H])([H])[H])(C([H])([H])[H])[C@]1([H])C([H])([H])C([H])([H])[C@]2([H])[C@@]1([H])C([H])([H])C([H])([H])[C@]1(C([H])([H])[H])[C@@]2([H])C([H])([H])C([H])([H])[C@]2([H])[C@@]3(C([H])([H])[H])C([H])([H])C([H])([H])C(=O)C(C([H])([H])[H])(C([H])([H])[H])[C@@]3([H])C([H])([H])C([H])([H])[C@@]12C([H])([H])[H]"
"3,Oxo-20β-hidroxitarasterona","[H]O[C@@]1(C([H])([H])[H])C([H])([H])C([H])([H])[C@]2(C([H])([H])[H])C([H])([H])C([H])=C3[C@]4(C([H])([H])[H])C([H])([H])C([H])([H])[C@]5([H])C(C(=O)C([H])([H])C([H])([H])[C@]5(C([H])([H])[H])[C@@]4([H])C([H])([H])C([H])([H])[C@@]3(C([H])([H])[H])[C@]2([H])C1([H])[H])(C([H])([H])[H])C([H])([H])[H]"
"3,4-Dihidroreticulina","[H]OC1=C(OC([H])([H])[H])C([H])=C([H])C(=C1[H])C([H])([H])[C@]1([H])N(C([H])=C([H])C2=C([H])C(OC([H])([H])[H])=C(O[H])C([H])=C12)C([H])([H])[H]"
"6α-Hidroxianoneno","[H]O[C@@]1([H])C([H])([H])[C@@]([H])(C([H])([H])[H])[C@](C([H])([H])[H])(C([H])([H])C([H])([H])C([H])([H])C2=C([H])OC([H])=C2[H])[C@@]2([H])C([H])([H])C([H])([H])C([H])=C(C([H])([H])[H])[C@]12C([H])([H])[H]"
"Biciclogermacreno","[H]\C1=C(C([H])([H])[H])/C([H])([H])C([H])([H])[C@]2([H])[C@]([H])(\C([H])=C(C([H])([H])[H])\C([H])([H])C1([H])[H])C2(C([H])([H])[H])C([H])([H])[H]"
"Farnesina","[H]O[C@@]1([H])OC(=O)[C@]2(C([H])([H])[H])C([H])([H])C([H])([H])[C@]3([H])[C@]([H])(O[H])[C@]45C([H])([H])[C@]([H])(C(=C([H])[H])[C@]4([H])O[H])C([H])([H])C([H])([H])[C@@]5([H])[C@@]3(C([H])([H])[H])[C@]12[H]"
"olen-18-eno[16-β-hidroxiolean-18-em-3-ona","[H]O[C@@]1([H])C([H])([H])[C@]2(C([H])([H])[H])[C@]([H])(C3=C([H])C(C([H])([H])[H])(C([H])([H])[H])C([H])([H])C([H])([H])[C@]13C([H])([H])[H])C([H])([H])C([H])([H])[C@]1([H])[C@@]3(C([H])([H])[H])C([H])([H])C([H])([H])C(=O)C(C([H])([H])[H])(C([H])([H])[H])[C@@]3([H])C([H])([H])C([H])([H])[C@@]21C([H])([H])[H]"
"Germanicol","[H]O[C@@]1([H])C([H])([H])[C@]2(C([H])([H])[H])[C@@]([H])(C([H])([H])C([H])([H])[C@]3([H])[C@@]4(C([H])([H])[H])C([H])([H])C([H])([H])C(=O)C(C([H])([H])[H])(C([H])([H])[H])[C@@]4([H])C([H])([H])C([H])([H])[C@@]23C([H])([H])[H])[C@]2([H])[C@@]([H])(C(=C([H])[H])C([H])([H])[H])C([H])([H])C([H])([H])[C@]12C([H])([H])[H]"
"Agathisflavona","[H]OC1=C([H])C([H])=C(C([H])=C1[H])C1=C([H])C(=O)C2=C(O1)C([H])=C(O[H])C(=C2O[H])C1=C(O[H])C([H])=C(C2=C1O[C@]([H])(C1=C([H])C([H])=C(O[H])C([H])=C1[H])C([H])([H])C2=O)C([H])([H])O[H]"
"Amentoflavona","[H]OC1=C([H])C([H])=C(C([H])=C1[H])C1=C([H])C(=O)C2=C(O1)C(=C(O[H])C([H])=C2O[H])C1=C(O[H])C([H])=C([H])C(=C1[H])C1=C([H])C(=O)C2=C(O1)C([H])=C(O[H])C([H])=C2O[H]"
"Diasol","[H]OC1=C([H])C(=C(O[H])C([H])=C1[H])[C@@]1([H])OC2=C([H])C(=C(OC([H])([H])[H])C(O[H])=C2C(=O)[C@]1([H])O[H])C([H])([H])[H]"
"Ácido macaerinico","[H]O[C@@]1([H])C([H])([H])C([H])([H])[C@]2(C([H])([H])[H])[C@@]3([H])C([H])([H])C([H])=C4[C@]5([H])C([H])([H])C(C([H])([H])[H])(C([H])([H])[H])[C@@]6([H])OC(=O)[C@@]5(C6([H])[H])C([H])([H])C([H])([H])[C@@]4(C([H])([H])[H])[C@]3(C([H])([H])[H])C([H])([H])C([H])([H])[C@]2([H])C1(C([H])([H])[H])C([H])([H])[H]"
"Harpacilina ","[H]OC1=C2C(OC(C([H])([H])[H])(C([H])([H])[H])[C@]([H])(O[H])C2([H])[H])=C([H])C2=C1C(=O)C(=C([H])O2)C1=C([H])C2=C(OC([H])([H])O2)C([H])=C1[H]"
"Louisfieserona","[H]O[C@]12C3=C(O[C@]([H])(C4=C([H])C([H])=C([H])C([H])=C4[H])C([H])([H])C3=C([H])[H])[C@@]3(C(=O)[C@]11[C@]([H])(C([H])([H])O[C@@]21C([H])([H])[H])C3(C([H])([H])[H])C([H])([H])[H])C([H])([H])[H]"
"(-)-Duartina","[H]OC1=C(OC([H])([H])[H])C2=C(C([H])=C1[H])C(=O)[C@]([H])(C1=C(OC([H])([H])[H])C(O[H])=C(OC([H])([H])[H])C([H])=C1[H])C([H])([H])O2"
"(-)-Mucronulatol","[H]OC1=C([H])C2=C(C([H])=C1[H])C([H])([H])[C@]([H])(C1=C(OC([H])([H])[H])C(O[H])=C(OC([H])([H])[H])C([H])=C1[H])C([H])([H])O2"
"Isoquercitrina","[H]OC1=C([H])C([H])=C(C([H])=C1O[H])C1=C([H])C(=O)C2=C(O1)C(OC([H])([H])[H])=C(O[H])C([H])=C2[H]"
"Mimopudina","[H]ON([C@]([H])(O[H])[C@]([H])(N([H])[H])N1C([H])=C([H])C(=O)C([H])=C1[H])[C@]([H])(O[H])[C@]([H])(N([H])[H])N1C([H])=C([H])C(=O)C([H])=C1[H]"
"Turgorinas","[H]OC(=O)C1=C([H])C(O[C@@]2([H])O[C@]([H])(C([H])([H])O[H])[C@@]([H])(O[H])[C@@]([H])(O[H])[C@]2([H])O[C@]2([H])OC([H])([H])[C@@](O[H])(C([H])([H])O[H])[C@]2([H])O[H])=C([H])C([H])=C1O[H]"
"Alcalóide","[H]N(C([H])([H])[H])C([H])([H])C([H])([H])C1=C([H])N([H])C2=C1C([H])=C([H])C([H])=C2[H]"
"Vinhaticoato de metila","[H]C1=C([H])C2=C(O1)C([H])([H])[C@@]1([H])[C@@]([H])(C([H])([H])C([H])([H])[C@@]3([H])[C@@](C(=O)OC([H])([H])[H])(C([H])([H])[H])C([H])([H])C([H])([H])C([H])([H])[C@]13C([H])([H])[H])[C@@]2([H])C([H])([H])[H]"
"Platimenina","[H]OC1=C([H])C2=C(C([H])=C1O[H])C(=O)C([H])([H])[C@@]([H])(O2)C1=C([H])C(O[H])=C(O[H])C([H])=C1[H]"
"Neoplatimenina","[H]OC1=C([H])C(O[H])=C(O[H])C([H])=C1C(=O)C(\[H])=C(/[H])C1=C([H])C(O[H])=C(O[H])C([H])=C1[H]"
"Glicosideo Esteroidal","[H]OC([H])([H])[C@@]1([H])O[C@@]([H])(O[C@]2([H])C([H])([H])C3=C([H])C([H])([H])[C@]4([H])[C@@]5([H])C([H])([H])C([H])([H])[C@]([H])([C@@]([H])(C(\[H])=C(/[H])[C@@]([H])(C([H])([H])C([H])([H])[H])C([H])(C([H])([H])[H])C([H])([H])[H])C([H])([H])[H])[C@@]5(C([H])([H])[H])C([H])([H])C([H])([H])[C@]4([H])[C@@]3(C([H])([H])[H])C([H])([H])C2([H])[H])[C@]([H])(O[H])[C@@]([H])(O[H])[C@@]1([H])O[H]"
"Estigmasteriol","[H]O[C@]1([H])C([H])([H])C2=C([H])C([H])([H])[C@]3([H])[C@@]4([H])C([H])([H])C([H])([H])[C@]([H])([C@@]([H])(C(\[H])=C(/[H])[C@@]([H])(C([H])([H])C([H])([H])[H])C([H])(C([H])([H])[H])C([H])([H])[H])C([H])([H])[H])[C@@]4(C([H])([H])[H])C([H])([H])C([H])([H])[C@]3([H])[C@@]2(C([H])([H])[H])C([H])([H])C1([H])[H]"
"Ergosterol","[H]O[C@]1([H])C([H])([H])C2=C([H])C([H])=C3[C@@]4([H])C([H])([H])C([H])([H])[C@]([H])([C@@]([H])(C(\[H])=C(/[H])[C@]([H])(C([H])([H])[H])C([H])(C([H])([H])[H])C([H])([H])[H])C([H])([H])[H])[C@@]4(C([H])([H])[H])C([H])([H])C([H])([H])[C@]3([H])[C@@]2(C([H])([H])[H])C([H])([H])C1([H])[H]"
"1,2,3,4-tetrahidro-2-metil-β-carbolina,","[H]N1C2=C(C([H])=C([H])C([H])=C2[H])C2=C1C([H])([H])N(C([H])([H])[H])C([H])([H])C2([H])[H]"
"Chamaetexano B","[H]OC([H])([H])C1=C2C(=C([H])O1)[C@@]1([H])[C@]([H])(O[H])C([H])([H])[C@]3([H])C(C([H])([H])[H])(C([H])([H])[H])C([H])([H])C([H])([H])C([H])([H])[C@@]3(C([H])([H])[H])[C@]1([H])C([H])([H])C2=O"
"Metilecgonidina","[H]C1=C(C(=O)OC([H])([H])[H])[C@@]2([H])N(C([H])([H])[H])[C@]([H])(C([H])([H])C2([H])[H])C1([H])[H]"
"2β,19-Diidroxi-beier-15-em-1-ona","[H]O[C@@]1([H])C(=O)[C@@]2(C([H])([H])[H])[C@]3([H])C([H])([H])C([H])([H])[C@]4(O[H])C([H])=C([H])[C@]3(C4([H])[H])C([H])([H])C([H])([H])[C@]2([H])C(C([H])([H])[H])(C([H])([H])[H])C1([H])[H]"
"2,19-Diidroxi-beiera-2,15-dien-1-ona","[H]OC1=C([H])[C@@](C([H])([H])[H])(C([H])([H])O[H])[C@@]2([H])C([H])([H])C([H])([H])[C@]34C([H])=C([H])[C@](C([H])([H])[H])(C3([H])[H])C([H])([H])C([H])([H])[C@@]4([H])[C@@]2(C1=O)C([H])([H])[H]"
"Epi-catequina","[H]OC1=C([H])C(O[H])=C2C(OC(=C(O[H])C2([H])[H])C2=C([H])C([H])=C(O[H])C(O[H])=C2[H])=C1[H]"
"2β,17-Diidroxi-beier-15-em-1-ona","[H]OC([H])([H])[C@@]12C([H])=C([H])[C@]3(C1([H])[H])C([H])([H])C([H])([H])[C@]1([H])C(C([H])([H])[H])(C([H])([H])[H])C([H])([H])[C@@]([H])(O[H])C(=O)[C@@]1(C([H])([H])[H])[C@]3([H])C([H])([H])C2([H])[H]"
"1β,19-Diidroxi-beier-15-em-2-ona","[H]OC([H])([H])[C@]1(C([H])([H])[H])C([H])([H])C(=O)[C@@]([H])(O[H])[C@@]2(C([H])([H])[H])[C@]3([H])C([H])([H])C([H])([H])[C@@]4(C([H])=C([H])[C@]3(C4([H])[H])C([H])([H])C([H])([H])[C@]12[H])C([H])([H])[H]"
"G","[H]OC1=C([H])C(=C([H])C(O[H])=C1O[H])C(=O)C([H])([H])[H]"
"Isoxochitlolona","[H]OC1=C(C([H])=C2C(=C1[H])C([H])=C1C([H])=C([H])C([H])([H])C(C([H])([H])[H])(C([H])([H])[H])[C@@]1([H])C([H])([H])C2=O)C([H])([H])[H]"
"Prolina","[H]OC([H])([H])[C@@]1([H])O[C@]([H])(O[H])[C@@]([H])(O[H])[C@]([H])(O[H])[C@]1([H])O[H]"
"D-galactose","[H]OC([H])([H])[C@@]1([H])O[C@]([H])(O[H])[C@]([H])(O[H])[C@]([H])(O[H])[C@]1([H])O[H]"
"L-Raminose","[H]O[C@@]1([H])O[C@]([H])(C([H])([H])[H])[C@@]([H])(O[H])[C@@]([H])(O[H])[C@]1([H])O[H]"
"(17) Nepetaefolinol","[H]O[C@]1([H])C([H])([H])C([H])([H])[C@@]2(O[C@]3(C(=O)OC([H])([H])C3([H])[H])C([H])([H])C2([H])[H])[C@@]23C([H])([H])OC(=C([H])[H])[C@@](C([H])([H])[H])(C([H])([H])C([H])([H])C2([H])[H])[C@]13[H]"
"1-α-Metoxi-1,2-dihidrogedunina","[H]C1=C([H])C(=C([H])O1)[C@]1([H])OC(=O)[C@@]2([H])O[C@@]22[C@@]1(C([H])([H])[H])C([H])([H])C([H])([H])[C@]1([H])[C@@]3(C([H])([H])[H])[C@@]([H])(OC([H])([H])[H])C([H])([H])C(=O)C(C([H])([H])[H])(C([H])([H])[H])[C@@]3([H])C([H])([H])[C@@]([H])(OC(=O)C([H])([H])[H])[C@@]21C([H])([H])[H]"